location-to,date,partygroup,count
Broome,11/07/2012,Labor,2
Melbourne,15/02/2013,Greens,2
Sydney,27/02/2013,Coalition,2
St George,01/03/2013,Coalition,2
Brisbane,05/06/2013,Greens,2
Cairns,10/06/2013,Labor,2
Melbourne,28/06/2013,Coalition,2
Sydney,03/07/2013,Labor,2
Hobart,19/07/2013,Greens,2
Sydney,21/08/2013,Labor,2
Melbourne,22/08/2013,Labor,2
Adelaide,23/08/2013,Labor,2
Sydney,12/09/2013,Coalition,2
Brisbane,13/09/2013,Labor,2
Gold Coast,13/09/2013,Coalition,2
Maryborough,20/09/2013,Coalition,3
Sydney,14/10/2013,Coalition,2
Sydney,16/10/2013,Coalition,5
Melbourne,11/11/2013,Coalition,4
Sydney,11/11/2013,Coalition,7
Melbourne,12/11/2013,Coalition,2
Sydney,12/11/2013,Coalition,2
Melbourne,13/11/2013,Coalition,2
Brisbane,14/11/2013,Coalition,2
Lakes Entrance,14/11/2013,Coalition,3
Melbourne,14/11/2013,Coalition,2
Melbourne,19/11/2013,Labor,2
Adelaide,21/11/2013,Independent,2
Melbourne,21/11/2013,Labor,2
Perth,21/11/2013,Labor,2
Port Macquarie,21/11/2013,Coalition,2
Sydney,21/11/2013,Coalition,3
Adelaide,22/11/2013,Independent,2
Albury,22/11/2013,Coalition,2
Brisbane,22/11/2013,Coalition,2
Melbourne,22/11/2013,Coalition,3
Melbourne,02/12/2013,Coalition,2
Launceston,04/12/2013,Coalition,3
Melbourne,04/12/2013,Coalition,2
Melbourne,04/12/2013,Labor,2
Brisbane,05/12/2013,Coalition,5
Melbourne,05/12/2013,Labor,3
Adelaide,06/12/2013,Labor,3
Melbourne,06/12/2013,Labor,3
Sydney,06/12/2013,Coalition,2
Launceston,08/12/2013,Greens,3
Melbourne,08/12/2013,Coalition,2
Melbourne,08/12/2013,Greens,2
Rockhampton,08/12/2013,Coalition,2
Sydney,08/12/2013,Coalition,2
Perth,12/12/2013,Coalition,2
Sydney,12/12/2013,Labor,2
Adelaide,13/12/2013,Labor,2
Brisbane,13/12/2013,Labor,3
Melbourne,13/12/2013,Coalition,2
Melbourne,13/12/2013,Labor,3
Brisbane,14/12/2013,Coalition,4
Brisbane,16/12/2013,Labor,2
Melbourne,16/12/2013,Coalition,3
Sydney,16/12/2013,Coalition,7
Brisbane,17/12/2013,Coalition,3
Hervey Bay,17/12/2013,Coalition,2
Melbourne,17/12/2013,Labor,2
Melbourne,17/12/2013,Coalition,8
Perth,17/12/2013,Greens,2
Perth,17/12/2013,Coalition,4
Sydney,17/12/2013,Coalition,3
Brisbane,18/12/2013,Labor,2
Brisbane,18/12/2013,Coalition,3
Coolangatta,18/12/2013,Coalition,2
Melbourne,18/12/2013,Labor,2
Melbourne,18/12/2013,Coalition,5
Sydney,18/12/2013,Labor,2
Sydney,18/12/2013,Coalition,5
Brisbane,19/12/2013,Coalition,3
Sydney,19/12/2013,Labor,2
Sydney,19/12/2013,Coalition,5
Townsville,19/12/2013,AUS,2
Tamworth,20/12/2013,Coalition,4
Perth,23/12/2013,Coalition,2
Brisbane,27/12/2013,AUS,2
Hervey Bay,28/12/2013,Coalition,2
Sydney,30/12/2013,Greens,2
Coolangatta,01/01/2014,Coalition,2
Melbourne,01/01/2014,Coalition,2
Sydney,01/01/2014,Coalition,12
Tamworth,01/01/2014,Coalition,6
Adelaide,02/01/2014,Coalition,3
Sydney,02/01/2014,Coalition,4
Roma,03/01/2014,Coalition,2
Sydney,03/01/2014,Coalition,4
Tamworth,03/01/2014,Coalition,2
Adelaide,04/01/2014,Coalition,2
Melbourne,04/01/2014,Greens,3
Sydney,04/01/2014,Greens,2
Adelaide,06/01/2014,Greens,2
Brisbane,06/01/2014,Coalition,6
Bundaberg,06/01/2014,Coalition,2
Cairns,06/01/2014,Coalition,3
Sydney,06/01/2014,Coalition,2
Sydney,07/01/2014,Coalition,4
Townsville,07/01/2014,AUS,2
Armidale,08/01/2014,Coalition,2
Melbourne,08/01/2014,Labor,2
Broome,09/01/2014,Coalition,2
Launceston,09/01/2014,Coalition,2
Melbourne,09/01/2014,Coalition,3
Sydney,09/01/2014,Labor,5
Brisbane,10/01/2014,Coalition,2
Brisbane,11/01/2014,Coalition,3
Townsville,11/01/2014,Coalition,2
Perth,12/01/2014,Coalition,4
Melbourne,14/01/2014,Coalition,2
Melbourne,14/01/2014,Labor,3
Sydney,14/01/2014,Labor,2
Adelaide,15/01/2014,Coalition,6
Brisbane,15/01/2014,Coalition,2
Melbourne,15/01/2014,Labor,2
Sydney,15/01/2014,Coalition,3
Adelaide,16/01/2014,Coalition,3
Brisbane,16/01/2014,Labor,2
Melbourne,16/01/2014,Labor,2
Melbourne,16/01/2014,Coalition,3
Melbourne,17/01/2014,Coalition,4
Sydney,17/01/2014,Coalition,3
Sydney,17/01/2014,Labor,3
Tamworth,17/01/2014,Labor,2
Lucky Bay,18/01/2014,Coalition,2
Melbourne,18/01/2014,Labor,2
Sydney,18/01/2014,Coalition,3
Hobart,19/01/2014,Labor,2
Melbourne,19/01/2014,Coalition,2
Melbourne,19/01/2014,Labor,2
Sydney,19/01/2014,Labor,2
Sydney,19/01/2014,Coalition,3
Brisbane,20/01/2014,Labor,4
Brisbane,20/01/2014,Coalition,5
Melbourne,20/01/2014,Coalition,2
Melbourne,21/01/2014,Coalition,2
Melbourne,21/01/2014,Labor,4
Sydney,21/01/2014,Coalition,2
Tamworth,21/01/2014,Coalition,2
Brisbane,22/01/2014,Coalition,3
Brisbane,22/01/2014,Labor,9
Melbourne,22/01/2014,Coalition,2
Sydney,22/01/2014,Coalition,3
Sydney,22/01/2014,Labor,4
Adelaide,23/01/2014,Labor,6
Brisbane,23/01/2014,Coalition,4
Brisbane,23/01/2014,Labor,14
Melbourne,23/01/2014,Coalition,6
Melbourne,23/01/2014,Labor,13
Perth,23/01/2014,Coalition,2
Sydney,23/01/2014,Labor,6
Adelaide,24/01/2014,Coalition,2
Brisbane,24/01/2014,Coalition,2
Melbourne,24/01/2014,Labor,4
Melbourne,24/01/2014,Coalition,5
Perth,24/01/2014,Coalition,2
Sydney,24/01/2014,Coalition,2
Sydney,24/01/2014,Labor,3
Brisbane,25/01/2014,Coalition,2
Melbourne,25/01/2014,Coalition,3
Wallaroo,25/01/2014,Coalition,2
Melbourne,26/01/2014,Labor,2
Melbourne,26/01/2014,Coalition,5
Perth,26/01/2014,Coalition,3
Sydney,26/01/2014,Coalition,3
Newcastle,27/01/2014,Coalition,2
Sydney,27/01/2014,Coalition,5
Brisbane,28/01/2014,Coalition,5
Melbourne,28/01/2014,Labor,2
Melbourne,28/01/2014,Coalition,4
Perth,28/01/2014,Coalition,2
Perth,28/01/2014,Labor,4
Sydney,28/01/2014,Coalition,10
Adelaide,29/01/2014,Labor,2
Brisbane,29/01/2014,Labor,2
Brisbane,29/01/2014,Coalition,4
Darwin,29/01/2014,Labor,4
Hobart,29/01/2014,Coalition,2
Melbourne,29/01/2014,Labor,3
Melbourne,29/01/2014,Coalition,6
Sydney,29/01/2014,Labor,3
Sydney,29/01/2014,Coalition,5
Brisbane,30/01/2014,Coalition,3
Darwin,30/01/2014,Coalition,2
Melbourne,30/01/2014,Labor,2
Melbourne,30/01/2014,Coalition,13
Perth,30/01/2014,Coalition,6
Sydney,30/01/2014,Greens,2
Sydney,30/01/2014,Labor,7
Sydney,30/01/2014,Coalition,16
Tamworth,30/01/2014,Coalition,2
Adelaide,31/01/2014,Coalition,2
Adelaide,31/01/2014,Greens,2
Brisbane,31/01/2014,Coalition,2
Brisbane,31/01/2014,Labor,2
Melbourne,31/01/2014,Labor,7
Melbourne,31/01/2014,Coalition,9
Perth,31/01/2014,Labor,2
Sydney,31/01/2014,Coalition,3
Sydney,31/01/2014,Labor,3
Brisbane,01/02/2014,Coalition,4
Melbourne,01/02/2014,Labor,2
Perth,01/02/2014,Coalition,2
Roma,01/02/2014,Coalition,2
Sydney,01/02/2014,Coalition,4
Hobart,02/02/2014,Labor,2
Melbourne,02/02/2014,Labor,2
Melbourne,02/02/2014,Coalition,4
Adelaide,03/02/2014,Labor,2
Brisbane,03/02/2014,Coalition,5
Hobart,03/02/2014,Labor,2
Melbourne,03/02/2014,Labor,2
Melbourne,03/02/2014,Coalition,4
Sydney,03/02/2014,Coalition,7
Adelaide,04/02/2014,Coalition,3
Brisbane,04/02/2014,Labor,2
Brisbane,04/02/2014,Coalition,4
Melbourne,04/02/2014,Coalition,14
Melbourne,04/02/2014,Labor,21
Sydney,04/02/2014,AUS,2
Sydney,04/02/2014,Coalition,9
Adelaide,05/02/2014,Coalition,2
Adelaide,05/02/2014,Labor,5
Brisbane,05/02/2014,Labor,4
Brisbane,05/02/2014,Coalition,6
Bundaberg,05/02/2014,Coalition,2
Hobart,05/02/2014,Labor,3
Melbourne,05/02/2014,Greens,2
Melbourne,05/02/2014,Coalition,11
Melbourne,05/02/2014,Labor,14
Perth,05/02/2014,Coalition,4
Sydney,05/02/2014,Coalition,9
Sydney,05/02/2014,Labor,14
Brisbane,06/02/2014,Labor,2
Brisbane,06/02/2014,Coalition,15
Bundaberg,06/02/2014,Coalition,12
Cairns,06/02/2014,Labor,2
Gove,06/02/2014,Labor,2
Hobart,06/02/2014,Coalition,2
Karratha,06/02/2014,Coalition,4
Melbourne,06/02/2014,Coalition,3
Melbourne,06/02/2014,Labor,3
Sydney,06/02/2014,Labor,8
Sydney,06/02/2014,Coalition,13
Adelaide,07/02/2014,Coalition,5
Brisbane,07/02/2014,Labor,3
Brisbane,07/02/2014,Coalition,13
Melbourne,07/02/2014,Coalition,8
Melbourne,07/02/2014,Labor,8
Perth,07/02/2014,Coalition,5
Sydney,07/02/2014,Labor,5
Sydney,07/02/2014,Coalition,17
Brisbane,08/02/2014,Coalition,3
Melbourne,08/02/2014,Coalition,2
Melbourne,08/02/2014,Labor,2
Perth,08/02/2014,Coalition,2
Sydney,08/02/2014,Coalition,3
Wagga Wagga,08/02/2014,Coalition,2
Brisbane,09/02/2014,CLP,3
Brisbane,09/02/2014,Labor,3
Brisbane,09/02/2014,Coalition,6
Lakes Entrance,09/02/2014,Coalition,2
Melbourne,09/02/2014,Labor,5
Melbourne,09/02/2014,Coalition,10
Sydney,09/02/2014,Labor,2
Brisbane,10/02/2014,Coalition,4
Melbourne,10/02/2014,Labor,6
Melbourne,10/02/2014,Coalition,8
Sydney,10/02/2014,Labor,4
Sydney,10/02/2014,Coalition,12
Adelaide,11/02/2014,Coalition,2
Melbourne,11/02/2014,Coalition,4
Melbourne,11/02/2014,Labor,5
Perth,11/02/2014,Labor,2
Sydney,11/02/2014,Coalition,7
Tamworth,11/02/2014,Coalition,2
Adelaide,12/02/2014,Coalition,2
Brisbane,12/02/2014,Coalition,2
Sydney,12/02/2014,Labor,2
Adelaide,13/02/2014,Coalition,3
Adelaide,13/02/2014,Labor,5
Brisbane,13/02/2014,Labor,5
Brisbane,13/02/2014,Coalition,14
Coolangatta,13/02/2014,Coalition,2
Hobart,13/02/2014,Coalition,2
Hobart,13/02/2014,Labor,3
Melbourne,13/02/2014,Coalition,18
Melbourne,13/02/2014,Labor,19
Perth,13/02/2014,Labor,5
Perth,13/02/2014,Coalition,8
Sydney,13/02/2014,Labor,9
Sydney,13/02/2014,Coalition,14
Adelaide,14/02/2014,Greens,2
Adelaide,14/02/2014,Labor,5
Adelaide,14/02/2014,Coalition,6
Brisbane,14/02/2014,Labor,5
Brisbane,14/02/2014,Coalition,11
Devonport,14/02/2014,Coalition,3
Hobart,14/02/2014,Labor,5
Launceston,14/02/2014,Coalition,3
Melbourne,14/02/2014,Greens,4
Melbourne,14/02/2014,Labor,16
Melbourne,14/02/2014,Coalition,26
Perth,14/02/2014,Labor,3
Perth,14/02/2014,Coalition,10
Sydney,14/02/2014,Greens,2
Sydney,14/02/2014,Labor,8
Sydney,14/02/2014,Coalition,14
Townsville,14/02/2014,Coalition,2
Brisbane,15/02/2014,Coalition,4
Melbourne,15/02/2014,Coalition,2
Melbourne,15/02/2014,Greens,2
Melbourne,15/02/2014,Labor,2
Port Lincoln,15/02/2014,Coalition,2
Roma,15/02/2014,Coalition,2
Sydney,15/02/2014,Coalition,3
Adelaide,16/02/2014,Labor,2
Adelaide,16/02/2014,Coalition,3
Darwin,16/02/2014,Labor,3
Melbourne,16/02/2014,Coalition,4
Melbourne,16/02/2014,Labor,6
Perth,16/02/2014,Labor,2
Sydney,16/02/2014,Labor,2
Sydney,16/02/2014,Coalition,6
Adelaide,17/02/2014,Coalition,2
Brisbane,17/02/2014,Labor,2
Brisbane,17/02/2014,Coalition,4
Hobart,17/02/2014,Labor,2
Melbourne,17/02/2014,Labor,3
Melbourne,17/02/2014,Coalition,8
Perth,17/02/2014,Coalition,2
Sydney,17/02/2014,Coalition,8
Adelaide,18/02/2014,Coalition,4
Brisbane,18/02/2014,Coalition,3
Melbourne,18/02/2014,AUS,2
Melbourne,18/02/2014,Coalition,4
Melbourne,18/02/2014,Labor,4
Perth,18/02/2014,AUS,2
Perth,18/02/2014,Coalition,2
Perth,18/02/2014,Labor,3
Sydney,18/02/2014,Greens,2
Sydney,18/02/2014,Labor,4
Sydney,18/02/2014,Coalition,13
Brisbane,19/02/2014,Coalition,3
Melbourne,19/02/2014,Greens,2
Melbourne,19/02/2014,Coalition,4
Melbourne,19/02/2014,Labor,4
Sydney,19/02/2014,Labor,6
Sydney,19/02/2014,Coalition,9
Adelaide,20/02/2014,Labor,3
Brisbane,20/02/2014,Coalition,2
Melbourne,20/02/2014,Greens,2
Melbourne,20/02/2014,Labor,3
Melbourne,20/02/2014,Coalition,9
Perth,20/02/2014,Coalition,3
Sydney,20/02/2014,Coalition,9
Sydney,20/02/2014,Labor,9
Adelaide,21/02/2014,Coalition,2
Adelaide,21/02/2014,Labor,4
Armidale,21/02/2014,Coalition,2
Brisbane,21/02/2014,AUS,3
Brisbane,21/02/2014,Labor,3
Brisbane,21/02/2014,Coalition,7
Hobart,21/02/2014,Coalition,2
Melbourne,21/02/2014,Labor,3
Melbourne,21/02/2014,Coalition,6
Sydney,21/02/2014,Labor,3
Sydney,21/02/2014,Coalition,8
Alice Springs,22/02/2014,CLP,2
Sydney,22/02/2014,Coalition,4
Albury,23/02/2014,Coalition,2
Brisbane,23/02/2014,Labor,5
Brisbane,23/02/2014,Coalition,8
Cairns,23/02/2014,Coalition,2
Darwin,23/02/2014,CLP,2
Melbourne,23/02/2014,Greens,2
Melbourne,23/02/2014,Labor,3
Melbourne,23/02/2014,Coalition,11
Sydney,23/02/2014,Labor,3
Sydney,23/02/2014,Coalition,13
Melbourne,24/02/2014,Labor,2
Brisbane,25/02/2014,Labor,2
Melbourne,25/02/2014,Labor,2
Sydney,25/02/2014,Coalition,3
Sydney,25/02/2014,Labor,3
Tamworth,25/02/2014,Coalition,2
Brisbane,26/02/2014,Coalition,2
Brisbane,26/02/2014,Labor,2
Melbourne,26/02/2014,Coalition,2
Melbourne,26/02/2014,Labor,3
Perth,26/02/2014,Coalition,2
Sydney,26/02/2014,Coalition,2
Adelaide,27/02/2014,Coalition,2
Adelaide,27/02/2014,Labor,6
Brisbane,27/02/2014,Labor,3
Brisbane,27/02/2014,Coalition,9
Coolangatta,27/02/2014,Coalition,4
Melbourne,27/02/2014,Independent,2
Melbourne,27/02/2014,Greens,3
Melbourne,27/02/2014,Coalition,13
Melbourne,27/02/2014,Labor,18
Perth,27/02/2014,Labor,2
Perth,27/02/2014,Coalition,7
Sydney,27/02/2014,Labor,9
Sydney,27/02/2014,Coalition,15
Adelaide,28/02/2014,Labor,6
Adelaide,28/02/2014,Coalition,7
Albury,28/02/2014,Coalition,2
Brisbane,28/02/2014,Labor,8
Brisbane,28/02/2014,Coalition,16
Darwin,28/02/2014,Labor,3
Devonport,28/02/2014,Coalition,2
Hobart,28/02/2014,Labor,2
Hobart,28/02/2014,Coalition,3
Launceston,28/02/2014,Coalition,2
Maroochydore,28/02/2014,Coalition,2
Melbourne,28/02/2014,Greens,2
Melbourne,28/02/2014,Labor,20
Melbourne,28/02/2014,Coalition,25
Perth,28/02/2014,Labor,3
Perth,28/02/2014,Coalition,6
Sydney,28/02/2014,Labor,16
Sydney,28/02/2014,Coalition,17
Adelaide,01/03/2014,Coalition,3
Melbourne,01/03/2014,Labor,2
Sydney,01/03/2014,Coalition,2
Brisbane,02/03/2014,Coalition,3
Melbourne,02/03/2014,Labor,7
Melbourne,02/03/2014,Coalition,15
Sydney,02/03/2014,Labor,5
Sydney,02/03/2014,Coalition,6
Melbourne,03/03/2014,Labor,2
Melbourne,03/03/2014,Coalition,3
Sydney,03/03/2014,Coalition,2
Perth,04/03/2014,Coalition,2
Sydney,04/03/2014,Coalition,2
Sydney,04/03/2014,Labor,2
Melbourne,05/03/2014,Greens,2
Melbourne,05/03/2014,Labor,4
Adelaide,06/03/2014,Greens,2
Adelaide,06/03/2014,Coalition,6
Adelaide,06/03/2014,Labor,6
Brisbane,06/03/2014,Labor,4
Brisbane,06/03/2014,Coalition,12
Hobart,06/03/2014,Labor,2
Melbourne,06/03/2014,Coalition,12
Melbourne,06/03/2014,Labor,27
Perth,06/03/2014,Labor,4
Perth,06/03/2014,Coalition,12
Sydney,06/03/2014,Labor,10
Sydney,06/03/2014,Coalition,19
Adelaide,07/03/2014,Coalition,5
Adelaide,07/03/2014,Labor,8
Brisbane,07/03/2014,Labor,8
Brisbane,07/03/2014,Coalition,11
Coolangatta,07/03/2014,Coalition,2
Darwin,07/03/2014,Labor,2
Devonport,07/03/2014,Coalition,2
Hervey Bay,07/03/2014,Coalition,2
Hobart,07/03/2014,Labor,4
Hobart,07/03/2014,Coalition,5
Melbourne,07/03/2014,Greens,2
Melbourne,07/03/2014,Coalition,17
Melbourne,07/03/2014,Labor,18
Perth,07/03/2014,Labor,3
Perth,07/03/2014,Coalition,7
Sydney,07/03/2014,Coalition,10
Sydney,07/03/2014,Labor,10
Townsville,07/03/2014,Coalition,2
Sydney,08/03/2014,Coalition,4
Cairns,09/03/2014,Labor,2
Perth,09/03/2014,Labor,2
Townsville,09/03/2014,Coalition,2
Darwin,10/03/2014,Labor,3
Geraldton,10/03/2014,Coalition,2
Melbourne,10/03/2014,Coalition,3
Perth,10/03/2014,Labor,2
Perth,10/03/2014,Coalition,3
Sydney,10/03/2014,Labor,2
Sydney,10/03/2014,Coalition,3
Adelaide,11/03/2014,Coalition,2
Brisbane,11/03/2014,Coalition,7
Melbourne,11/03/2014,Coalition,3
Melbourne,11/03/2014,Labor,4
Perth,11/03/2014,Labor,2
Sydney,11/03/2014,Labor,3
Sydney,11/03/2014,Coalition,6
Adelaide,12/03/2014,Labor,3
Adelaide,12/03/2014,Coalition,5
Brisbane,12/03/2014,Labor,2
Brisbane,12/03/2014,Coalition,8
Devonport,12/03/2014,Labor,2
Melbourne,12/03/2014,Greens,2
Melbourne,12/03/2014,Coalition,6
Melbourne,12/03/2014,Labor,6
Palm Island,12/03/2014,Coalition,2
Perth,12/03/2014,Coalition,3
Sydney,12/03/2014,Labor,6
Sydney,12/03/2014,Coalition,12
Townsville,12/03/2014,Coalition,5
Adelaide,13/03/2014,Coalition,2
Brisbane,13/03/2014,Coalition,3
Hobart,13/03/2014,Coalition,2
Mackay,13/03/2014,Coalition,3
Melbourne,13/03/2014,Labor,8
Melbourne,13/03/2014,Coalition,12
Perth,13/03/2014,Coalition,2
Perth,13/03/2014,Labor,2
Sydney,13/03/2014,Labor,6
Sydney,13/03/2014,Coalition,12
Adelaide,14/03/2014,Coalition,2
Adelaide,14/03/2014,Labor,3
Brisbane,14/03/2014,Coalition,3
Karratha,14/03/2014,Coalition,2
Melbourne,14/03/2014,Labor,3
Melbourne,14/03/2014,Coalition,4
Perth,14/03/2014,Labor,2
Perth,14/03/2014,Coalition,5
Sydney,14/03/2014,Labor,3
Sydney,14/03/2014,Coalition,9
Melbourne,15/03/2014,Coalition,3
Sydney,15/03/2014,Labor,6
Sydney,15/03/2014,Coalition,7
Brisbane,16/03/2014,Coalition,4
Brisbane Airport,16/03/2014,Coalition,2
Melbourne,16/03/2014,Greens,3
Melbourne,16/03/2014,Labor,5
Melbourne,16/03/2014,Coalition,12
Sydney,16/03/2014,Labor,3
Sydney,16/03/2014,Coalition,8
Melbourne,17/03/2014,Coalition,2
Melbourne,17/03/2014,Labor,3
Brisbane,18/03/2014,Coalition,4
Melbourne,18/03/2014,Labor,2
Melbourne,19/03/2014,Coalition,2
Melbourne,19/03/2014,Labor,2
Sydney,19/03/2014,Labor,2
Sydney,19/03/2014,Coalition,3
Tamworth,19/03/2014,Coalition,3
Adelaide,20/03/2014,Coalition,2
Adelaide,20/03/2014,Labor,3
Brisbane,20/03/2014,Labor,6
Brisbane,20/03/2014,Coalition,17
Coolangatta,20/03/2014,Coalition,2
Melbourne,20/03/2014,Greens,2
Melbourne,20/03/2014,Coalition,18
Melbourne,20/03/2014,Labor,18
Perth,20/03/2014,Labor,3
Perth,20/03/2014,Coalition,11
Sydney,20/03/2014,Labor,8
Sydney,20/03/2014,Coalition,15
Adelaide,21/03/2014,Labor,4
Adelaide,21/03/2014,Coalition,5
Brisbane,21/03/2014,Labor,5
Brisbane,21/03/2014,Coalition,7
Broome,21/03/2014,Greens,2
Hobart,21/03/2014,Labor,2
Melbourne,21/03/2014,Greens,3
Melbourne,21/03/2014,Coalition,19
Melbourne,21/03/2014,Labor,19
Perth,21/03/2014,Greens,2
Perth,21/03/2014,Labor,4
Perth,21/03/2014,Coalition,9
Sydney,21/03/2014,AUS,2
Sydney,21/03/2014,Greens,2
Sydney,21/03/2014,Coalition,5
Sydney,21/03/2014,Labor,15
Hobart,22/03/2014,Labor,4
Melbourne,22/03/2014,Labor,4
Perth,22/03/2014,Coalition,2
Perth,22/03/2014,Labor,2
Sydney,22/03/2014,Coalition,4
Brisbane,23/03/2014,Coalition,2
Hobart,23/03/2014,Labor,2
Launceston,23/03/2014,Greens,3
Melbourne,23/03/2014,Greens,3
Melbourne,23/03/2014,Coalition,7
Melbourne,23/03/2014,Labor,9
Perth,23/03/2014,Labor,2
Sydney,23/03/2014,Coalition,8
Melbourne,24/03/2014,Coalition,2
Melbourne,24/03/2014,Labor,9
Sydney,24/03/2014,Coalition,2
Sydney,24/03/2014,Labor,3
Adelaide,25/03/2014,Labor,2
Melbourne,25/03/2014,Coalition,2
Melbourne,25/03/2014,Labor,2
Perth,25/03/2014,Labor,4
Sydney,25/03/2014,Coalition,3
Brisbane,26/03/2014,Coalition,3
Melbourne,26/03/2014,Labor,2
Perth,26/03/2014,Labor,2
Sydney,26/03/2014,Coalition,6
Adelaide,27/03/2014,Greens,2
Adelaide,27/03/2014,Labor,4
Brisbane,27/03/2014,Labor,4
Brisbane,27/03/2014,Coalition,5
Hobart,27/03/2014,Labor,2
Melbourne,27/03/2014,Independent,2
Melbourne,27/03/2014,Greens,3
Melbourne,27/03/2014,Coalition,10
Melbourne,27/03/2014,Labor,22
Perth,27/03/2014,Labor,4
Perth,27/03/2014,Coalition,11
Sydney,27/03/2014,Coalition,9
Sydney,27/03/2014,Labor,9
Townsville,27/03/2014,Coalition,2
Adelaide,28/03/2014,Labor,5
Adelaide,28/03/2014,Coalition,9
Brisbane,28/03/2014,Labor,8
Brisbane,28/03/2014,Coalition,20
Broome,28/03/2014,Labor,2
Coolangatta,28/03/2014,Coalition,3
Darwin,28/03/2014,Labor,3
Hervey Bay,28/03/2014,Coalition,2
Hobart,28/03/2014,Coalition,3
Hobart,28/03/2014,Labor,4
Launceston,28/03/2014,Coalition,2
Melbourne,28/03/2014,Greens,2
Melbourne,28/03/2014,Labor,19
Melbourne,28/03/2014,Coalition,23
Perth,28/03/2014,Coalition,2
Perth,28/03/2014,Labor,3
Rockhampton,28/03/2014,Coalition,2
Sydney,28/03/2014,Labor,14
Sydney,28/03/2014,Coalition,16
Townsville,28/03/2014,Coalition,2
Adelaide,29/03/2014,Labor,2
Alice Springs,29/03/2014,Labor,2
Brisbane,29/03/2014,Labor,2
Brisbane,29/03/2014,Coalition,3
Hobart,29/03/2014,Labor,2
Melbourne,29/03/2014,Labor,4
Melbourne,29/03/2014,Coalition,5
Perth,29/03/2014,Coalition,2
Sydney,29/03/2014,Labor,3
Sydney,29/03/2014,Coalition,9
Brisbane,30/03/2014,Coalition,3
Hobart,30/03/2014,Coalition,2
Mackay,30/03/2014,Coalition,2
Melbourne,30/03/2014,Coalition,3
Perth,30/03/2014,Coalition,2
Sydney,30/03/2014,Coalition,4
Tamworth,30/03/2014,Coalition,2
Albury,31/03/2014,Coalition,2
Alice Springs,31/03/2014,Coalition,2
Brisbane,31/03/2014,Coalition,2
Brisbane,31/03/2014,Labor,2
Coolangatta,31/03/2014,Coalition,2
Melbourne,31/03/2014,Coalition,7
Perth,31/03/2014,Labor,2
Perth,31/03/2014,Coalition,12
Sydney,31/03/2014,Labor,3
Sydney,31/03/2014,Coalition,8
Adelaide,01/04/2014,Coalition,2
Adelaide,01/04/2014,Greens,2
Alice Springs,01/04/2014,Coalition,3
Alice Springs,01/04/2014,Labor,3
Brisbane,01/04/2014,Coalition,2
Brisbane,01/04/2014,Labor,2
Melbourne,01/04/2014,Labor,5
Melbourne,01/04/2014,Coalition,6
Sydney,01/04/2014,Labor,2
Sydney,01/04/2014,Coalition,9
Tennant Creek,01/04/2014,Coalition,2
Tennant Creek,01/04/2014,Labor,2
Adelaide,02/04/2014,Coalition,2
Brisbane,02/04/2014,Coalition,4
Darwin,02/04/2014,Coalition,2
Darwin,02/04/2014,Labor,3
Geraldton,02/04/2014,Greens,2
Geraldton,02/04/2014,Coalition,3
Melbourne,02/04/2014,Greens,2
Melbourne,02/04/2014,Labor,2
Melbourne,02/04/2014,Coalition,10
Perth,02/04/2014,Coalition,2
Perth,02/04/2014,Greens,2
Perth,02/04/2014,Labor,4
Sydney,02/04/2014,Labor,5
Sydney,02/04/2014,Coalition,9
Brisbane,03/04/2014,Labor,3
Coolangatta,03/04/2014,Coalition,2
Esperance,03/04/2014,Coalition,2
Hobart,03/04/2014,Labor,2
Melbourne,03/04/2014,Labor,2
Melbourne,03/04/2014,Coalition,10
Mount Isa,03/04/2014,Coalition,4
Perth,03/04/2014,Coalition,2
Perth,03/04/2014,Labor,2
Sydney,03/04/2014,Labor,4
Sydney,03/04/2014,Coalition,10
Townsville,03/04/2014,Coalition,4
Adelaide,04/04/2014,Coalition,2
Brisbane,04/04/2014,Labor,2
Cairns,04/04/2014,CLP,2
Hobart,04/04/2014,Coalition,3
Melbourne,04/04/2014,Coalition,2
Melbourne,04/04/2014,Labor,5
Perth,04/04/2014,Coalition,2
Perth,04/04/2014,Labor,2
Perth,04/04/2014,Greens,3
Sydney,04/04/2014,Labor,5
Sydney,04/04/2014,Coalition,7
Brisbane,05/04/2014,Coalition,2
Cairns,05/04/2014,Coalition,2
Horn Island,05/04/2014,CLP,2
Melbourne,05/04/2014,Labor,2
Melbourne,05/04/2014,Coalition,3
Sydney,05/04/2014,Coalition,3
Brisbane,06/04/2014,Coalition,2
Hobart,06/04/2014,Coalition,2
Horn Island,06/04/2014,Coalition,2
Melbourne,06/04/2014,Labor,3
Perth,06/04/2014,Coalition,6
Brisbane,07/04/2014,Coalition,2
Brisbane,07/04/2014,Labor,2
Melbourne,07/04/2014,Labor,2
Melbourne,07/04/2014,Coalition,4
Perth,07/04/2014,Coalition,3
Sydney,07/04/2014,Labor,2
Sydney,07/04/2014,Coalition,5
Adelaide,08/04/2014,Coalition,5
Karratha,08/04/2014,Labor,4
Karratha,08/04/2014,Coalition,6
Melbourne,08/04/2014,Coalition,6
Newcastle,08/04/2014,Coalition,2
Paraburdoo,08/04/2014,Labor,4
Paraburdoo,08/04/2014,Coalition,6
Perth,08/04/2014,Labor,2
Perth,08/04/2014,Coalition,6
Port Hedland,08/04/2014,Labor,3
Port Hedland,08/04/2014,Coalition,5
Sydney,08/04/2014,Labor,2
Sydney,08/04/2014,Coalition,7
Adelaide,09/04/2014,Coalition,3
Brisbane,09/04/2014,Labor,2
Brisbane,09/04/2014,Coalition,3
Melbourne,09/04/2014,Coalition,3
Perth,09/04/2014,Labor,7
Perth,09/04/2014,Coalition,13
Port Hedland,09/04/2014,Labor,3
Port Hedland,09/04/2014,Coalition,6
Sydney,09/04/2014,Labor,2
Sydney,09/04/2014,Coalition,6
Adelaide,10/04/2014,Coalition,4
Brisbane,10/04/2014,Coalition,5
Cairns,10/04/2014,Coalition,2
Devonport,10/04/2014,Coalition,2
Melbourne,10/04/2014,Labor,5
Melbourne,10/04/2014,Coalition,9
Perth,10/04/2014,Greens,2
Perth,10/04/2014,Labor,7
Perth,10/04/2014,Coalition,17
Sydney,10/04/2014,Coalition,3
Sydney,10/04/2014,Labor,4
Adelaide,11/04/2014,Coalition,2
Brisbane,11/04/2014,Labor,3
Melbourne,11/04/2014,Coalition,2
Melbourne,11/04/2014,Greens,2
Melbourne,11/04/2014,Labor,3
Sydney,11/04/2014,Coalition,2
Sydney,11/04/2014,Greens,2
Sydney,11/04/2014,Labor,6
Melbourne,12/04/2014,Greens,3
Sydney,12/04/2014,Coalition,3
Adelaide,13/04/2014,Coalition,2
Adelaide,13/04/2014,Labor,2
Brisbane,13/04/2014,Coalition,2
Hobart,13/04/2014,Coalition,3
Melbourne,13/04/2014,Coalition,2
Melbourne,13/04/2014,Labor,6
Sydney,13/04/2014,Coalition,4
Adelaide,14/04/2014,Coalition,2
Adelaide,14/04/2014,Labor,2
Melbourne,14/04/2014,Labor,2
Melbourne,14/04/2014,Coalition,6
Perth,14/04/2014,Coalition,2
Roma,14/04/2014,Coalition,2
Sydney,14/04/2014,Labor,3
Sydney,14/04/2014,Coalition,4
Bendigo,15/04/2014,Coalition,3
Hobart,15/04/2014,Coalition,4
Hobart,15/04/2014,Labor,6
Melbourne,15/04/2014,Labor,5
Melbourne,15/04/2014,Coalition,6
Sydney,15/04/2014,Greens,2
Sydney,15/04/2014,Labor,3
Sydney,15/04/2014,Coalition,10
Adelaide,16/04/2014,Labor,2
Brisbane,16/04/2014,Coalition,9
Hobart Airport,16/04/2014,Labor,2
Hobart Airport,16/04/2014,Coalition,4
Melbourne,16/04/2014,Coalition,7
Melbourne,16/04/2014,Labor,9
Melbourne Airport,16/04/2014,Coalition,3
Perth,16/04/2014,Labor,3
Perth,16/04/2014,Coalition,4
Port Macquarie,16/04/2014,Coalition,2
Roma,16/04/2014,Coalition,2
Sydney,16/04/2014,Labor,2
Sydney,16/04/2014,Coalition,11
Adelaide,17/04/2014,Coalition,3
Brisbane,17/04/2014,Coalition,4
Hobart,17/04/2014,Coalition,2
Melbourne,17/04/2014,Greens,2
Melbourne,17/04/2014,Labor,2
Melbourne,17/04/2014,Coalition,8
Perth,17/04/2014,Coalition,2
Melbourne,18/04/2014,Labor,3
Sydney,18/04/2014,Labor,3
Brisbane,22/04/2014,Coalition,2
Hobart,22/04/2014,Coalition,2
Melbourne,22/04/2014,Coalition,2
Sydney,22/04/2014,Coalition,2
Adelaide,23/04/2014,Coalition,8
Brisbane,23/04/2014,AUS,2
Brisbane,23/04/2014,CLP,2
Brisbane,23/04/2014,Coalition,7
Hobart,23/04/2014,Labor,2
Melbourne,23/04/2014,Labor,6
Melbourne,23/04/2014,Coalition,11
Perth,23/04/2014,Coalition,3
Sydney,23/04/2014,Labor,4
Sydney,23/04/2014,Coalition,14
Adelaide,24/04/2014,Coalition,9
Albury,24/04/2014,Coalition,2
Brisbane,24/04/2014,Coalition,15
Coffs Harbour,24/04/2014,Coalition,2
Coolangatta,24/04/2014,Coalition,4
Darwin,24/04/2014,CLP,2
Devonport,24/04/2014,Coalition,2
Geraldton,24/04/2014,Coalition,2
Hobart,24/04/2014,Coalition,2
Hobart,24/04/2014,Labor,2
Launceston,24/04/2014,Coalition,2
Melbourne,24/04/2014,Independent,4
Melbourne,24/04/2014,Labor,12
Melbourne,24/04/2014,Coalition,41
Perth,24/04/2014,Coalition,7
Rockhampton,24/04/2014,Coalition,2
Sydney,24/04/2014,CLP,2
Sydney,24/04/2014,Coalition,36
Tamworth,24/04/2014,Coalition,5
Townsville,24/04/2014,Coalition,2
Adelaide,25/04/2014,Labor,2
Alice Springs,25/04/2014,Labor,2
Melbourne,25/04/2014,Labor,5
Perth,25/04/2014,Coalition,3
Sydney,25/04/2014,Coalition,2
Sydney,25/04/2014,Labor,4
Adelaide,26/04/2014,Labor,3
Melbourne,26/04/2014,Labor,4
Perth,26/04/2014,Labor,2
Uluru,26/04/2014,Labor,2
Cairns,27/04/2014,Coalition,2
Cairns,27/04/2014,Labor,3
Melbourne,27/04/2014,Labor,2
Melbourne,27/04/2014,Coalition,3
Perth,27/04/2014,Labor,2
Sydney,27/04/2014,Labor,3
Sydney,27/04/2014,Coalition,8
Adelaide,28/04/2014,Labor,3
Brisbane,28/04/2014,Coalition,2
Bundaberg,28/04/2014,Coalition,2
Melbourne,28/04/2014,Independent,2
Melbourne,28/04/2014,Coalition,4
Melbourne,28/04/2014,Labor,6
Norfolk Island,28/04/2014,Labor,2
Norfolk Island,28/04/2014,Coalition,3
Perth,28/04/2014,Labor,2
Sydney,28/04/2014,Labor,4
Sydney,28/04/2014,Coalition,12
Adelaide,29/04/2014,Labor,2
Adelaide,29/04/2014,Coalition,3
Brisbane,29/04/2014,Labor,3
Brisbane,29/04/2014,Coalition,4
Cairns,29/04/2014,Labor,3
Cairns,29/04/2014,Coalition,6
Horn Island,29/04/2014,Coalition,3
Horn Island,29/04/2014,Labor,3
Melbourne,29/04/2014,Labor,4
Melbourne,29/04/2014,Coalition,10
Perth,29/04/2014,Coalition,2
Sydney,29/04/2014,Labor,2
Sydney,29/04/2014,Coalition,8
Townsville,29/04/2014,AUS,2
Adelaide,30/04/2014,Coalition,3
Brisbane,30/04/2014,Labor,2
Brisbane,30/04/2014,Coalition,8
Cairns,30/04/2014,Labor,3
Cairns,30/04/2014,Coalition,5
Launceston,30/04/2014,Labor,2
Melbourne,30/04/2014,Coalition,5
Melbourne,30/04/2014,Labor,5
Perth,30/04/2014,Labor,4
Perth,30/04/2014,Coalition,5
Sydney,30/04/2014,Greens,2
Sydney,30/04/2014,Labor,7
Sydney,30/04/2014,Coalition,15
Adelaide,01/05/2014,Greens,2
Brisbane,01/05/2014,Coalition,8
Broken Hill,01/05/2014,Coalition,2
Broome,01/05/2014,Coalition,2
Broome,01/05/2014,Labor,2
Cairns,01/05/2014,Labor,2
Melbourne,01/05/2014,Labor,7
Melbourne,01/05/2014,Coalition,8
Moree,01/05/2014,Coalition,2
Rockhampton,01/05/2014,Coalition,2
Sydney,01/05/2014,Labor,8
Sydney,01/05/2014,Coalition,9
Adelaide,02/05/2014,Coalition,3
Adelaide,02/05/2014,Labor,3
Brisbane,02/05/2014,Coalition,3
Brisbane,02/05/2014,Labor,3
Darwin,02/05/2014,Coalition,3
Melbourne,02/05/2014,Labor,3
Melbourne,02/05/2014,Coalition,9
Perth,02/05/2014,Labor,2
Perth,02/05/2014,Coalition,5
Sydney,02/05/2014,Labor,6
Sydney,02/05/2014,Coalition,8
Albury,03/05/2014,Coalition,2
Brisbane,03/05/2014,Coalition,6
Broome,03/05/2014,Coalition,2
Melbourne,03/05/2014,Coalition,3
Brisbane,04/05/2014,Coalition,3
Broome,04/05/2014,Coalition,2
Melbourne,04/05/2014,Labor,2
Newcastle,04/05/2014,Coalition,2
Perth,04/05/2014,Coalition,2
Perth,04/05/2014,Labor,2
Sydney,04/05/2014,Coalition,3
Sydney,04/05/2014,Labor,3
Adelaide,05/05/2014,Coalition,2
Brisbane,05/05/2014,Coalition,3
Brisbane,05/05/2014,Labor,6
Broome,05/05/2014,Labor,2
Launceston,05/05/2014,Greens,3
Melbourne,05/05/2014,Labor,3
Melbourne,05/05/2014,Coalition,4
Melbourne,05/05/2014,Greens,5
Newcastle,05/05/2014,Greens,2
Newcastle,05/05/2014,Labor,2
Perth,05/05/2014,Labor,3
Sydney,05/05/2014,Coalition,6
Adelaide,06/05/2014,Coalition,6
Brisbane,06/05/2014,Coalition,4
Brisbane,06/05/2014,Labor,5
Broome,06/05/2014,Labor,3
Darwin,06/05/2014,Labor,2
Fitzroy Crossing,06/05/2014,Labor,2
Fitzroy Crossing,06/05/2014,Coalition,3
Hobart,06/05/2014,Coalition,2
Kununurra,06/05/2014,Coalition,3
Kununurra,06/05/2014,Labor,4
Melbourne,06/05/2014,Coalition,5
Melbourne,06/05/2014,Labor,8
Mount Isa,06/05/2014,Coalition,4
Mount Isa,06/05/2014,Labor,4
Sydney,06/05/2014,Labor,3
Sydney,06/05/2014,Coalition,9
Townsville,06/05/2014,Coalition,2
Adelaide,07/05/2014,Labor,2
Adelaide,07/05/2014,Coalition,4
Brisbane,07/05/2014,Labor,4
Brisbane,07/05/2014,Coalition,10
Darwin,07/05/2014,Labor,3
Hobart,07/05/2014,Coalition,3
Melbourne,07/05/2014,Labor,3
Melbourne,07/05/2014,Coalition,9
Perth,07/05/2014,Coalition,4
Sydney,07/05/2014,Labor,3
Sydney,07/05/2014,Coalition,5
Adelaide,08/05/2014,Coalition,2
Adelaide,08/05/2014,Labor,2
Brisbane,08/05/2014,Labor,2
Darwin,08/05/2014,Labor,3
Hobart,08/05/2014,Labor,2
Melbourne,08/05/2014,Coalition,5
Melbourne,08/05/2014,Labor,10
Perth,08/05/2014,Labor,2
Perth,08/05/2014,Coalition,5
Sydney,08/05/2014,Labor,5
Sydney,08/05/2014,Coalition,12
Adelaide,09/05/2014,Labor,2
Adelaide,09/05/2014,Coalition,3
Brisbane,09/05/2014,Coalition,2
Brisbane,09/05/2014,Labor,5
Cairns,09/05/2014,Coalition,2
Melbourne,09/05/2014,Labor,4
Melbourne,09/05/2014,Coalition,7
Perth,09/05/2014,Coalition,2
Sydney,09/05/2014,Labor,5
Sydney,09/05/2014,Coalition,6
Wagga Wagga,09/05/2014,Coalition,2
Brisbane,10/05/2014,Labor,2
Brisbane,10/05/2014,Coalition,3
Sydney,10/05/2014,Coalition,4
Adelaide,11/05/2014,Coalition,2
Brisbane,11/05/2014,Coalition,8
Melbourne,11/05/2014,Labor,4
Melbourne,11/05/2014,Coalition,12
Sydney,11/05/2014,Labor,4
Sydney,11/05/2014,Coalition,5
Bungendore,12/05/2014,Coalition,5
Melbourne,12/05/2014,Labor,4
Melbourne,12/05/2014,Coalition,5
Sydney,12/05/2014,Coalition,9
Adelaide,14/05/2014,Coalition,3
Melbourne,14/05/2014,Coalition,2
Perth,14/05/2014,Coalition,2
Sydney,14/05/2014,Coalition,8
Adelaide,15/05/2014,Labor,2
Brisbane,15/05/2014,Coalition,2
Coolangatta,15/05/2014,Coalition,3
Launceston,15/05/2014,Labor,2
Melbourne,15/05/2014,Coalition,6
Melbourne,15/05/2014,Labor,6
Perth,15/05/2014,Coalition,5
Sydney,15/05/2014,Coalition,3
Adelaide,16/05/2014,Greens,2
Adelaide,16/05/2014,Labor,9
Adelaide,16/05/2014,Coalition,11
Ballina Airport,16/05/2014,Coalition,2
Brisbane,16/05/2014,Greens,2
Brisbane,16/05/2014,Labor,16
Brisbane,16/05/2014,Coalition,22
Darwin,16/05/2014,CLP,2
Devonport,16/05/2014,Coalition,2
Hobart,16/05/2014,Coalition,3
Hobart,16/05/2014,Labor,7
Launceston,16/05/2014,Coalition,3
Mackay,16/05/2014,Coalition,6
Melbourne,16/05/2014,Greens,4
Melbourne,16/05/2014,Coalition,27
Melbourne,16/05/2014,Labor,34
Perth,16/05/2014,Labor,6
Perth,16/05/2014,Coalition,16
Sydney,16/05/2014,Labor,17
Sydney,16/05/2014,Coalition,25
Tamworth,16/05/2014,Coalition,3
Brisbane,17/05/2014,Coalition,3
Alice Springs,18/05/2014,Coalition,2
Alice Springs,18/05/2014,Labor,2
Brisbane,18/05/2014,Coalition,4
Cairns,18/05/2014,Coalition,3
Melbourne,18/05/2014,Labor,2
Sydney,18/05/2014,Coalition,7
Alice Springs,19/05/2014,Coalition,2
Brisbane,19/05/2014,Labor,4
Brisbane,19/05/2014,Coalition,9
Darwin,19/05/2014,Labor,2
Darwin,19/05/2014,Coalition,5
Launceston,19/05/2014,Labor,2
Melbourne,19/05/2014,Coalition,6
Melbourne,19/05/2014,Labor,11
Perth,19/05/2014,Coalition,4
Sydney,19/05/2014,Labor,3
Sydney,19/05/2014,Coalition,5
Adelaide,20/05/2014,Coalition,2
Adelaide,20/05/2014,Labor,2
Albury,20/05/2014,Coalition,2
Brisbane,20/05/2014,Labor,2
Brisbane,20/05/2014,Coalition,5
Darwin,20/05/2014,Labor,2
Melbourne,20/05/2014,Coalition,4
Melbourne,20/05/2014,Labor,5
Rockhampton,20/05/2014,Coalition,3
Sydney,20/05/2014,Labor,5
Sydney,20/05/2014,Coalition,9
Adelaide,21/05/2014,Coalition,2
Adelaide,21/05/2014,Labor,2
Brisbane,21/05/2014,Labor,4
Brisbane,21/05/2014,Coalition,5
Gove,21/05/2014,Coalition,2
Gove,21/05/2014,Labor,3
Melbourne,21/05/2014,Coalition,6
Melbourne,21/05/2014,Labor,9
Nhulunbuy,21/05/2014,Coalition,2
Nhulunbuy,21/05/2014,Labor,3
Sydney,21/05/2014,Labor,5
Sydney,21/05/2014,Coalition,7
Tindal,21/05/2014,Greens,2
Tindal,21/05/2014,Coalition,4
Tindal,21/05/2014,Labor,4
Townsville,21/05/2014,Coalition,2
Adelaide,22/05/2014,Labor,2
Adelaide,22/05/2014,Coalition,3
Brisbane,22/05/2014,Coalition,3
Brisbane,22/05/2014,Labor,4
Cairns,22/05/2014,Coalition,3
Darwin,22/05/2014,Labor,2
Darwin,22/05/2014,Coalition,3
Darwin Airport,22/05/2014,Coalition,2
Hobart,22/05/2014,Coalition,2
Melbourne,22/05/2014,Labor,3
Melbourne,22/05/2014,Coalition,6
Perth,22/05/2014,Coalition,4
Sydney,22/05/2014,Labor,6
Sydney,22/05/2014,Coalition,18
Adelaide,23/05/2014,Coalition,3
Adelaide,23/05/2014,Labor,4
Alice Springs,23/05/2014,Labor,3
Brisbane,23/05/2014,Coalition,6
Melbourne,23/05/2014,Labor,5
Melbourne,23/05/2014,Coalition,6
Perth,23/05/2014,Labor,2
Perth,23/05/2014,Coalition,5
Sydney,23/05/2014,Greens,2
Sydney,23/05/2014,Coalition,5
Sydney,23/05/2014,Labor,8
Adelaide,24/05/2014,Coalition,3
Brisbane,24/05/2014,Coalition,4
Melbourne,24/05/2014,Coalition,3
Brisbane,25/05/2014,Coalition,6
Melbourne,25/05/2014,Labor,5
Melbourne,25/05/2014,Coalition,17
Perth,25/05/2014,Coalition,2
Sydney,25/05/2014,Labor,3
Sydney,25/05/2014,Coalition,5
Melbourne,26/05/2014,Labor,2
Melbourne,27/05/2014,Labor,2
Perth,27/05/2014,Coalition,2
Sydney,27/05/2014,Coalition,2
Melbourne,28/05/2014,Coalition,2
Melbourne,28/05/2014,Greens,2
Sydney,28/05/2014,Labor,2
Sydney,28/05/2014,Coalition,5
Adelaide,29/05/2014,Coalition,4
Adelaide,29/05/2014,Labor,4
Brisbane,29/05/2014,Labor,5
Brisbane,29/05/2014,Coalition,7
Hobart,29/05/2014,Coalition,2
Melbourne,29/05/2014,Greens,2
Melbourne,29/05/2014,Coalition,16
Melbourne,29/05/2014,Labor,22
Perth,29/05/2014,Labor,3
Perth,29/05/2014,Coalition,7
Sydney,29/05/2014,Labor,7
Sydney,29/05/2014,Coalition,10
Adelaide,30/05/2014,Labor,5
Adelaide,30/05/2014,Coalition,7
Brisbane,30/05/2014,Labor,7
Brisbane,30/05/2014,Coalition,12
Ceduna,30/05/2014,Coalition,2
Coolangatta,30/05/2014,Coalition,2
Hobart,30/05/2014,Labor,2
Launceston,30/05/2014,Labor,2
Mackay,30/05/2014,Coalition,2
Melbourne,30/05/2014,Labor,14
Melbourne,30/05/2014,Coalition,18
Perth,30/05/2014,Coalition,3
Sydney,30/05/2014,Coalition,9
Sydney,30/05/2014,Labor,10
Townsville,30/05/2014,Coalition,2
Brisbane,31/05/2014,Coalition,2
Cairns,31/05/2014,Coalition,2
Melbourne,31/05/2014,Labor,3
Melbourne,31/05/2014,Coalition,4
Sydney,31/05/2014,Coalition,3
Adelaide,01/06/2014,Coalition,2
Brisbane,01/06/2014,Coalition,5
Melbourne,01/06/2014,Labor,3
Melbourne,01/06/2014,Coalition,9
Perth,01/06/2014,Labor,3
Sydney,01/06/2014,CLP,2
Sydney,01/06/2014,Labor,3
Sydney,01/06/2014,Coalition,8
Melbourne,02/06/2014,Coalition,3
Melbourne,02/06/2014,Labor,3
Adelaide,03/06/2014,Coalition,2
Sydney,03/06/2014,Labor,2
Brisbane,04/06/2014,Labor,2
Melbourne,04/06/2014,Labor,3
Melbourne,04/06/2014,Coalition,4
Adelaide,05/06/2014,Coalition,4
Adelaide,05/06/2014,Labor,5
Brisbane,05/06/2014,AUS,2
Brisbane,05/06/2014,Labor,6
Brisbane,05/06/2014,Coalition,11
Hobart,05/06/2014,Coalition,2
Hobart,05/06/2014,Labor,3
Launceston,05/06/2014,Coalition,2
Melbourne,05/06/2014,Greens,4
Melbourne,05/06/2014,Labor,16
Melbourne,05/06/2014,Coalition,18
Perth,05/06/2014,Labor,2
Perth,05/06/2014,Coalition,6
Sydney,05/06/2014,Labor,9
Sydney,05/06/2014,Coalition,15
Adelaide,06/06/2014,Labor,4
Adelaide,06/06/2014,Coalition,5
Brisbane,06/06/2014,Labor,4
Brisbane,06/06/2014,Coalition,12
Darwin,06/06/2014,Coalition,2
Devonport,06/06/2014,Coalition,3
Melbourne,06/06/2014,Greens,2
Melbourne,06/06/2014,Labor,9
Melbourne,06/06/2014,Coalition,16
Perth,06/06/2014,Labor,4
Perth,06/06/2014,Coalition,12
Rockhampton,06/06/2014,Coalition,2
Sydney,06/06/2014,Labor,3
Sydney,06/06/2014,Coalition,11
Adelaide,07/06/2014,Coalition,2
Brisbane,07/06/2014,Coalition,2
Sydney,07/06/2014,Coalition,2
Albury,09/06/2014,Labor,2
Brisbane,09/06/2014,Coalition,2
Melbourne,09/06/2014,Coalition,2
Sydney,09/06/2014,Coalition,3
Sydney,09/06/2014,Labor,5
Townsville,09/06/2014,AUS,2
Adelaide,10/06/2014,Labor,3
Brisbane,10/06/2014,Coalition,2
Devonport,10/06/2014,Labor,2
Melbourne,10/06/2014,Labor,3
Melbourne,10/06/2014,Coalition,4
Sydney,10/06/2014,Coalition,3
Adelaide,11/06/2014,Labor,2
Adelaide,11/06/2014,Coalition,4
Brisbane,11/06/2014,Coalition,4
Melbourne,11/06/2014,Coalition,4
Melbourne,11/06/2014,Labor,6
Perth,11/06/2014,Coalition,4
Rockhampton,11/06/2014,Coalition,2
Sydney,11/06/2014,Labor,7
Sydney,11/06/2014,Coalition,11
Adelaide,12/06/2014,Labor,2
Brisbane,12/06/2014,Coalition,3
Brisbane,12/06/2014,Labor,3
Hobart,12/06/2014,Coalition,2
Hobart,12/06/2014,Labor,2
Melbourne,12/06/2014,Labor,2
Melbourne,12/06/2014,Coalition,5
Perth,12/06/2014,Coalition,4
Sydney,12/06/2014,Labor,2
Sydney,12/06/2014,Coalition,5
Adelaide,13/06/2014,Labor,2
Brisbane,13/06/2014,Coalition,5
Hobart,13/06/2014,Labor,4
Melbourne,13/06/2014,Greens,2
Melbourne,13/06/2014,Labor,5
Melbourne,13/06/2014,Coalition,6
Perth,13/06/2014,Greens,2
Perth,13/06/2014,Labor,2
Perth,13/06/2014,Coalition,4
Sydney,13/06/2014,Coalition,2
Sydney,13/06/2014,Labor,6
Adelaide,14/06/2014,Greens,2
Brisbane,14/06/2014,Coalition,4
Perth,14/06/2014,Coalition,2
Sydney,14/06/2014,Coalition,4
Sydney,14/06/2014,Labor,4
Adelaide,15/06/2014,Coalition,2
Adelaide,15/06/2014,Labor,2
Brisbane,15/06/2014,Coalition,6
Melbourne,15/06/2014,Labor,6
Melbourne,15/06/2014,Coalition,15
Sydney,15/06/2014,Coalition,8
Sydney,16/06/2014,Coalition,2
Darwin,17/06/2014,Labor,2
Melbourne,17/06/2014,Labor,4
Sydney,17/06/2014,Coalition,3
Sydney,17/06/2014,Labor,3
Melbourne,18/06/2014,Labor,6
Sydney,18/06/2014,Coalition,4
Adelaide,19/06/2014,Labor,3
Brisbane,19/06/2014,Labor,6
Brisbane,19/06/2014,Coalition,14
Cairns,19/06/2014,Independent,2
Coolangatta,19/06/2014,Coalition,3
Hobart,19/06/2014,Labor,2
Melbourne,19/06/2014,Greens,4
Melbourne,19/06/2014,Labor,25
Melbourne,19/06/2014,Coalition,30
Perth,19/06/2014,Coalition,8
Sydney,19/06/2014,Greens,2
Sydney,19/06/2014,Labor,11
Sydney,19/06/2014,Coalition,16
Adelaide,20/06/2014,Coalition,8
Adelaide,20/06/2014,Labor,11
Brisbane,20/06/2014,Labor,9
Brisbane,20/06/2014,Coalition,15
Cairns,20/06/2014,Coalition,2
Cairns,20/06/2014,Labor,2
Dubbo,20/06/2014,Coalition,2
Hobart,20/06/2014,Coalition,3
Hobart,20/06/2014,Labor,3
Launceston,20/06/2014,Greens,2
Maroochydore,20/06/2014,Coalition,2
Melbourne,20/06/2014,Greens,3
Melbourne,20/06/2014,Coalition,19
Melbourne,20/06/2014,Labor,21
Newcastle,20/06/2014,Labor,3
Perth,20/06/2014,Labor,4
Perth,20/06/2014,Coalition,12
Sydney,20/06/2014,Labor,10
Sydney,20/06/2014,Coalition,12
Brisbane,21/06/2014,Coalition,3
Cairns,21/06/2014,Coalition,3
Melbourne,21/06/2014,Labor,2
Melbourne,21/06/2014,Coalition,4
Brisbane,22/06/2014,Labor,4
Brisbane,22/06/2014,Coalition,14
Melbourne,22/06/2014,Greens,2
Melbourne,22/06/2014,Labor,5
Melbourne,22/06/2014,Coalition,13
Perth,22/06/2014,Coalition,2
Sydney,22/06/2014,Coalition,12
Adelaide,24/06/2014,Coalition,3
Brisbane,24/06/2014,Labor,2
Hobart,24/06/2014,Labor,2
Brisbane,25/06/2014,Labor,2
Melbourne,25/06/2014,Coalition,3
Sydney,25/06/2014,Coalition,2
Sydney,25/06/2014,Labor,2
Adelaide,26/06/2014,Coalition,2
Adelaide,26/06/2014,Labor,3
Brisbane,26/06/2014,Labor,2
Brisbane,26/06/2014,Coalition,5
Melbourne,26/06/2014,Labor,12
Melbourne,26/06/2014,Coalition,24
Perth,26/06/2014,Coalition,3
Perth,26/06/2014,Labor,3
Sydney,26/06/2014,Labor,5
Sydney,26/06/2014,Coalition,9
Adelaide,27/06/2014,Coalition,2
Adelaide,27/06/2014,Labor,7
Brisbane,27/06/2014,Coalition,9
Brisbane,27/06/2014,Labor,15
Hobart,27/06/2014,Labor,4
Melbourne,27/06/2014,Greens,2
Melbourne,27/06/2014,Labor,11
Melbourne,27/06/2014,Coalition,18
Newcastle,27/06/2014,Coalition,2
Perth,27/06/2014,Labor,4
Perth,27/06/2014,Coalition,6
Rockhampton,27/06/2014,Coalition,2
Sydney,27/06/2014,Labor,5
Sydney,27/06/2014,Coalition,11
Townsville,27/06/2014,Coalition,2
Adelaide,28/06/2014,Coalition,6
Brisbane,28/06/2014,Coalition,2
Coolangatta,28/06/2014,Coalition,3
Hobart,28/06/2014,Coalition,3
Melbourne,28/06/2014,Coalition,2
Perth,28/06/2014,Coalition,2
Perth,28/06/2014,Labor,2
Sydney,28/06/2014,Coalition,14
Townsville,28/06/2014,Coalition,2
Adelaide,29/06/2014,Coalition,2
Cairns,29/06/2014,Labor,3
Darwin,29/06/2014,Labor,2
Perth,29/06/2014,Coalition,5
Sydney,29/06/2014,Coalition,3
Brisbane,30/06/2014,Coalition,3
Cairns,30/06/2014,Greens,2
Darwin,30/06/2014,Coalition,3
Perth,30/06/2014,Coalition,3
Sydney,30/06/2014,Coalition,4
Brisbane,01/07/2014,Labor,5
Brisbane,01/07/2014,Coalition,6
Broome,01/07/2014,Labor,2
Broome,01/07/2014,Coalition,3
Cairns,01/07/2014,Labor,2
Coolangatta,01/07/2014,Coalition,6
Georgetown,01/07/2014,Coalition,2
Georgetown,01/07/2014,Greens,2
Melbourne,01/07/2014,Greens,2
Melbourne,01/07/2014,Independent,2
Melbourne,01/07/2014,Labor,3
Melbourne,01/07/2014,Coalition,8
Perth,01/07/2014,Coalition,4
Rockhampton,01/07/2014,Coalition,2
Sydney,01/07/2014,Coalition,7
Sydney,01/07/2014,Labor,7
Adelaide,02/07/2014,Labor,2
Adelaide,02/07/2014,Coalition,4
Brisbane,02/07/2014,Labor,2
Brisbane,02/07/2014,Coalition,5
Broome,02/07/2014,Coalition,2
Broome,02/07/2014,Labor,2
Cairns,02/07/2014,Coalition,7
Fitzroy Crossing,02/07/2014,Coalition,2
Halls Creek,02/07/2014,Coalition,2
Halls Creek,02/07/2014,Labor,2
Melbourne,02/07/2014,Labor,11
Melbourne,02/07/2014,Coalition,12
Normanton,02/07/2014,Coalition,2
Normanton,02/07/2014,Greens,2
Perth,02/07/2014,Labor,2
Ramingining,02/07/2014,Coalition,2
Sydney,02/07/2014,Labor,4
Sydney,02/07/2014,Coalition,9
Weipa,02/07/2014,Coalition,2
Weipa,02/07/2014,Labor,2
Adelaide,03/07/2014,Labor,3
Adelaide,03/07/2014,Coalition,6
Brisbane,03/07/2014,Greens,2
Brisbane,03/07/2014,Coalition,4
Brisbane,03/07/2014,Labor,4
Cairns,03/07/2014,Coalition,2
Kalgoorlie,03/07/2014,Coalition,2
Melbourne,03/07/2014,Labor,3
Melbourne,03/07/2014,Coalition,8
Perth,03/07/2014,Coalition,6
Sydney,03/07/2014,Coalition,4
Sydney,03/07/2014,Labor,6
Adelaide,04/07/2014,Labor,3
Adelaide,04/07/2014,Coalition,4
Adelaide Airport,04/07/2014,Coalition,3
Brisbane,04/07/2014,Labor,4
Brisbane,04/07/2014,Coalition,7
Broome,04/07/2014,Coalition,3
Derby,04/07/2014,Coalition,2
Hobart,04/07/2014,Coalition,2
Melbourne,04/07/2014,Greens,2
Melbourne,04/07/2014,Labor,3
Melbourne,04/07/2014,Coalition,5
Perth,04/07/2014,Coalition,2
Perth,04/07/2014,Labor,4
Sydney,04/07/2014,Labor,3
Sydney,04/07/2014,Coalition,6
Adelaide,05/07/2014,Coalition,2
Brisbane,05/07/2014,Coalition,6
Melbourne,05/07/2014,Labor,2
Melbourne,05/07/2014,Coalition,4
Sydney,05/07/2014,Coalition,2
Sydney,05/07/2014,Labor,3
Brisbane,06/07/2014,Coalition,2
Melbourne,06/07/2014,Coalition,7
Melbourne,06/07/2014,Labor,7
Perth,06/07/2014,Coalition,2
Sydney,06/07/2014,Labor,3
Sydney,06/07/2014,Coalition,12
Brisbane,07/07/2014,CLP,2
Brisbane,07/07/2014,Labor,4
Brisbane,07/07/2014,Coalition,6
Darwin,07/07/2014,Coalition,4
Melbourne,07/07/2014,Coalition,11
Perth,07/07/2014,Coalition,2
Sydney,07/07/2014,Independent,2
Sydney,07/07/2014,Coalition,7
Adelaide,08/07/2014,Coalition,3
Adelaide,08/07/2014,Labor,5
Brisbane,08/07/2014,Coalition,6
Brisbane,08/07/2014,Labor,9
Broken Hill,08/07/2014,Coalition,2
Melbourne,08/07/2014,Greens,3
Melbourne,08/07/2014,Coalition,17
Melbourne,08/07/2014,Labor,17
Perth,08/07/2014,Labor,4
Perth,08/07/2014,Coalition,5
Sydney,08/07/2014,Coalition,9
Sydney,08/07/2014,Labor,9
Tamworth,08/07/2014,Coalition,2
Adelaide,09/07/2014,Coalition,5
Brisbane,09/07/2014,Labor,9
Brisbane,09/07/2014,Coalition,13
Darwin,09/07/2014,CLP,2
Melbourne,09/07/2014,Labor,11
Melbourne,09/07/2014,Coalition,12
Mount Gambier,09/07/2014,Coalition,3
Perth,09/07/2014,Coalition,7
Sydney,09/07/2014,CLP,2
Sydney,09/07/2014,Coalition,9
Sydney,09/07/2014,Labor,10
Taree,09/07/2014,Coalition,2
Townsville,09/07/2014,Coalition,2
Adelaide,10/07/2014,Labor,2
Brisbane,10/07/2014,Coalition,2
Brisbane,10/07/2014,Independent,2
Devonport,10/07/2014,Coalition,2
Hobart,10/07/2014,Coalition,2
Melbourne,10/07/2014,Greens,2
Melbourne,10/07/2014,Labor,5
Melbourne,10/07/2014,Coalition,12
Sydney,10/07/2014,Coalition,4
Adelaide,11/07/2014,Labor,2
Adelaide,11/07/2014,Coalition,3
Brisbane,11/07/2014,Labor,6
Brisbane,11/07/2014,Coalition,12
Coolangatta,11/07/2014,Labor,2
Hobart,11/07/2014,Labor,5
Melbourne,11/07/2014,Greens,5
Melbourne,11/07/2014,Labor,12
Melbourne,11/07/2014,Coalition,13
Perth,11/07/2014,Coalition,3
Sydney,11/07/2014,Labor,4
Sydney,11/07/2014,Coalition,5
Mackay,12/07/2014,Labor,2
Sydney,12/07/2014,Labor,2
Sydney,12/07/2014,Coalition,9
Adelaide,13/07/2014,Coalition,2
Brisbane,13/07/2014,Coalition,3
Brisbane,13/07/2014,Labor,3
Hobart,13/07/2014,Coalition,4
Melbourne,13/07/2014,Labor,7
Melbourne,13/07/2014,Coalition,11
Sydney,13/07/2014,Labor,4
Sydney,13/07/2014,Coalition,8
Launceston,14/07/2014,Greens,3
Melbourne,14/07/2014,Coalition,2
Melbourne,14/07/2014,Greens,2
Melbourne,14/07/2014,Labor,4
Perth,14/07/2014,Labor,4
Perth,15/07/2014,Coalition,2
Sydney,15/07/2014,Labor,2
Sydney,16/07/2014,Coalition,2
Adelaide,17/07/2014,Coalition,3
Brisbane,17/07/2014,AUS,2
Brisbane,17/07/2014,Coalition,9
Hobart,17/07/2014,Coalition,2
Melbourne,17/07/2014,Labor,7
Perth,17/07/2014,Labor,2
Sydney,17/07/2014,Labor,2
Sydney,17/07/2014,Coalition,4
Adelaide,18/07/2014,Coalition,9
Adelaide,18/07/2014,Labor,9
Brisbane,18/07/2014,Independent,2
Brisbane,18/07/2014,Labor,8
Brisbane,18/07/2014,Coalition,22
Coolangatta,18/07/2014,Coalition,2
Darwin,18/07/2014,CLP,2
Hobart,18/07/2014,Coalition,3
Hobart,18/07/2014,Labor,4
Launceston,18/07/2014,Coalition,3
Melbourne,18/07/2014,Greens,3
Melbourne,18/07/2014,Labor,25
Melbourne,18/07/2014,Coalition,30
Perth,18/07/2014,Labor,2
Perth,18/07/2014,Coalition,11
Sydney,18/07/2014,Greens,5
Sydney,18/07/2014,Labor,18
Sydney,18/07/2014,Coalition,33
Townsville,18/07/2014,Coalition,3
Brisbane,19/07/2014,Labor,2
Brisbane,19/07/2014,Coalition,5
Melbourne,19/07/2014,Coalition,2
Melbourne,19/07/2014,Greens,2
Perth,19/07/2014,Coalition,2
Perth,19/07/2014,PUP,3
Sydney,19/07/2014,Greens,3
Sydney,19/07/2014,Coalition,4
Adelaide,20/07/2014,Greens,3
Adelaide,20/07/2014,Labor,3
Brisbane,20/07/2014,Labor,2
Broome,20/07/2014,Coalition,2
Melbourne,20/07/2014,Greens,2
Melbourne,20/07/2014,Labor,3
Melbourne,20/07/2014,Coalition,5
Sydney,20/07/2014,Labor,3
Brisbane,21/07/2014,Coalition,5
Darwin,21/07/2014,Labor,2
Melbourne,21/07/2014,Labor,5
Melbourne,21/07/2014,Coalition,11
Perth,21/07/2014,Coalition,8
Sydney,21/07/2014,Coalition,3
Sydney,21/07/2014,Labor,5
Townsville,21/07/2014,Coalition,2
Adelaide,22/07/2014,Labor,2
Adelaide,22/07/2014,Coalition,4
King Island,22/07/2014,Coalition,2
Mackay,22/07/2014,Labor,2
Mackay,22/07/2014,Coalition,3
Melbourne,22/07/2014,Labor,2
Melbourne,22/07/2014,Coalition,7
Newcastle,22/07/2014,Labor,2
Sydney,22/07/2014,Labor,2
Sydney,22/07/2014,Coalition,8
Townsville,22/07/2014,Labor,2
Townsville,22/07/2014,Coalition,3
Adelaide,23/07/2014,Coalition,2
Adelaide,23/07/2014,Labor,2
Brisbane,23/07/2014,Greens,2
Brisbane,23/07/2014,Labor,2
Brisbane,23/07/2014,Coalition,6
Burnie,23/07/2014,Coalition,2
Melbourne,23/07/2014,Coalition,3
Perth,23/07/2014,Labor,2
Sydney,23/07/2014,Coalition,5
Sydney,23/07/2014,Labor,6
Tamworth,23/07/2014,Coalition,2
Brisbane,24/07/2014,Coalition,3
Melbourne,24/07/2014,Labor,4
Melbourne,24/07/2014,Coalition,5
Perth,24/07/2014,Coalition,7
Rockhampton,24/07/2014,Coalition,2
Sydney,24/07/2014,Labor,2
Sydney,24/07/2014,Coalition,5
Brisbane,25/07/2014,Coalition,4
Geraldton,25/07/2014,Coalition,2
Launceston,25/07/2014,Labor,2
Melbourne,25/07/2014,Coalition,2
Melbourne,25/07/2014,Labor,4
Sydney,25/07/2014,Coalition,6
Sydney,25/07/2014,Labor,7
Perth,26/07/2014,Coalition,2
Sydney,26/07/2014,Labor,6
Brisbane,27/07/2014,Coalition,2
Brisbane,27/07/2014,Labor,2
Coolangatta,27/07/2014,Labor,4
Melbourne,27/07/2014,Coalition,3
Melbourne,27/07/2014,Labor,3
Rockhampton,27/07/2014,Coalition,2
Sydney,27/07/2014,Coalition,4
Sydney,27/07/2014,Labor,6
Townsville,27/07/2014,AUS,2
Adelaide,28/07/2014,Labor,2
Brisbane,28/07/2014,Coalition,2
Melbourne,28/07/2014,Coalition,5
Melbourne,28/07/2014,Labor,6
Perth,28/07/2014,Coalition,6
Sydney,28/07/2014,Greens,2
Sydney,28/07/2014,Labor,4
Sydney,28/07/2014,Coalition,9
Adelaide,29/07/2014,Labor,2
Brisbane,29/07/2014,Labor,3
Brisbane,29/07/2014,Coalition,9
Cairns,29/07/2014,Coalition,2
Melbourne,29/07/2014,Coalition,3
Melbourne,29/07/2014,Greens,3
Melbourne,29/07/2014,Labor,3
Perth,29/07/2014,Greens,2
Perth,29/07/2014,Coalition,4
Sydney,29/07/2014,Labor,3
Sydney,29/07/2014,Coalition,6
Adelaide,30/07/2014,Coalition,2
Adelaide,30/07/2014,Labor,2
Armidale,30/07/2014,Coalition,2
Brisbane,30/07/2014,Labor,2
Brisbane,30/07/2014,Coalition,3
Melbourne,30/07/2014,Labor,3
Melbourne,30/07/2014,Coalition,5
Perth,30/07/2014,Coalition,2
Sydney,30/07/2014,Coalition,4
Sydney,30/07/2014,Labor,4
Adelaide,31/07/2014,Coalition,3
Brisbane,31/07/2014,Coalition,3
Launceston,31/07/2014,Coalition,3
Melbourne,31/07/2014,Labor,6
Melbourne,31/07/2014,Coalition,8
Perth,31/07/2014,Labor,2
Sydney,31/07/2014,Labor,2
Sydney,31/07/2014,Coalition,12
Adelaide,01/08/2014,Labor,3
Brisbane,01/08/2014,Coalition,2
Coolangatta,01/08/2014,Coalition,2
Darwin,01/08/2014,Labor,4
Hobart,01/08/2014,Coalition,2
Melbourne,01/08/2014,Labor,2
Melbourne,01/08/2014,Coalition,6
Sydney,01/08/2014,Coalition,8
Cairns,02/08/2014,Labor,6
Gove,02/08/2014,Coalition,2
Gove,02/08/2014,Labor,10
Melbourne,02/08/2014,Coalition,2
Melbourne,02/08/2014,Labor,2
Sydney,02/08/2014,Greens,2
Sydney,02/08/2014,Labor,5
Sydney,02/08/2014,Coalition,6
Cairns,03/08/2014,Labor,2
Melbourne,03/08/2014,Coalition,3
Perth,03/08/2014,Labor,2
Tamworth,03/08/2014,Coalition,3
Brisbane,04/08/2014,Coalition,3
Cairns,04/08/2014,Labor,4
Hobart,04/08/2014,Labor,3
Melbourne,04/08/2014,Coalition,8
Melbourne,04/08/2014,Labor,13
Sydney,04/08/2014,Coalition,2
Sydney,04/08/2014,Labor,2
Adelaide,05/08/2014,Coalition,2
Adelaide,05/08/2014,Labor,3
Brisbane,05/08/2014,Coalition,3
Cairns,05/08/2014,Labor,2
Hobart,05/08/2014,Labor,3
Melbourne,05/08/2014,Coalition,7
Melbourne,05/08/2014,Labor,10
Perth,05/08/2014,Labor,2
Perth,05/08/2014,Coalition,3
Sydney,05/08/2014,Labor,6
Sydney,05/08/2014,Coalition,9
Adelaide,06/08/2014,Labor,6
Brisbane,06/08/2014,Labor,2
Brisbane,06/08/2014,Coalition,5
Melbourne,06/08/2014,Labor,6
Melbourne,06/08/2014,Coalition,10
Sydney,06/08/2014,Labor,4
Sydney,06/08/2014,Coalition,6
Adelaide,07/08/2014,Coalition,2
Adelaide,07/08/2014,Labor,2
Brisbane,07/08/2014,Labor,3
Brisbane,07/08/2014,Coalition,6
Melbourne,07/08/2014,Labor,4
Melbourne,07/08/2014,Coalition,8
Perth,07/08/2014,Coalition,5
Sydney,07/08/2014,Coalition,5
Sydney,07/08/2014,Labor,5
Adelaide,08/08/2014,Coalition,2
Brisbane,08/08/2014,Coalition,3
Melbourne,08/08/2014,Coalition,2
Melbourne,08/08/2014,Labor,2
Newcastle,08/08/2014,Labor,2
Sydney,08/08/2014,Labor,3
Sydney,08/08/2014,Coalition,4
Brisbane,09/08/2014,Coalition,2
Melbourne,09/08/2014,Coalition,2
Sydney,09/08/2014,Coalition,4
Brisbane,10/08/2014,Labor,4
Brisbane,10/08/2014,Coalition,5
Darwin,10/08/2014,Coalition,7
Hobart,10/08/2014,Coalition,2
Melbourne,10/08/2014,Labor,2
Melbourne,10/08/2014,Coalition,6
Sydney,10/08/2014,Coalition,2
Adelaide,11/08/2014,Coalition,2
Brisbane,11/08/2014,Labor,2
Darwin,11/08/2014,Labor,2
Melbourne,11/08/2014,Coalition,3
Newcastle,11/08/2014,Labor,2
Sydney,11/08/2014,Coalition,5
Sydney,11/08/2014,Labor,5
Adelaide,12/08/2014,Labor,2
Adelaide,12/08/2014,Coalition,3
Brisbane,12/08/2014,Coalition,5
Melbourne,12/08/2014,Labor,2
Melbourne,12/08/2014,Coalition,6
Perth,12/08/2014,Coalition,2
Sydney,12/08/2014,Labor,2
Sydney,12/08/2014,Coalition,4
Townsville,12/08/2014,Coalition,2
Adelaide,13/08/2014,Coalition,4
Brisbane,13/08/2014,Labor,4
Brisbane,13/08/2014,Coalition,6
Coolangatta,13/08/2014,Coalition,2
Melbourne,13/08/2014,Labor,3
Melbourne,13/08/2014,Coalition,6
Perth,13/08/2014,Labor,2
Perth,13/08/2014,Coalition,5
Sydney,13/08/2014,Labor,3
Sydney,13/08/2014,Coalition,6
Adelaide,14/08/2014,Coalition,4
Brisbane,14/08/2014,Labor,4
Melbourne,14/08/2014,Independent,3
Melbourne,14/08/2014,Coalition,7
Melbourne,14/08/2014,Labor,8
Perth,14/08/2014,Coalition,4
Sydney,14/08/2014,Labor,4
Sydney,14/08/2014,Coalition,10
Wagga Wagga,14/08/2014,Labor,2
Adelaide,15/08/2014,Coalition,2
Adelaide,15/08/2014,Labor,3
Albury,15/08/2014,Coalition,3
Brisbane,15/08/2014,Coalition,3
Brisbane,15/08/2014,Labor,3
Hamilton Island,15/08/2014,Coalition,2
Launceston,15/08/2014,Coalition,2
Melbourne,15/08/2014,Labor,3
Melbourne,15/08/2014,Coalition,5
Perth,15/08/2014,Coalition,3
Sydney,15/08/2014,Labor,2
Sydney,15/08/2014,Coalition,7
Brisbane,16/08/2014,Coalition,3
Launceston,16/08/2014,Coalition,2
Perth,16/08/2014,Coalition,3
Sydney,16/08/2014,Labor,3
Sydney,16/08/2014,Coalition,6
Townsville,16/08/2014,AUS,2
Adelaide,17/08/2014,Coalition,8
Armidale,17/08/2014,Coalition,2
Brisbane,17/08/2014,Coalition,2
Brisbane,17/08/2014,Labor,2
Darwin,17/08/2014,Labor,4
Darwin,17/08/2014,Coalition,6
Melbourne,17/08/2014,Coalition,3
Sydney,17/08/2014,Coalition,4
Sydney,17/08/2014,Labor,5
Adelaide,18/08/2014,Labor,4
Brisbane,18/08/2014,Coalition,5
Brisbane,18/08/2014,Labor,6
Darwin,18/08/2014,Coalition,2
Hobart,18/08/2014,Labor,2
Melbourne,18/08/2014,Labor,12
Melbourne,18/08/2014,Coalition,17
Perth,18/08/2014,Coalition,2
Sydney,18/08/2014,Labor,7
Sydney,18/08/2014,Coalition,12
Adelaide,19/08/2014,Coalition,2
Brisbane,19/08/2014,Coalition,6
Coolangatta,19/08/2014,Coalition,2
Melbourne,19/08/2014,Labor,9
Melbourne,19/08/2014,Coalition,10
Perth,19/08/2014,Coalition,2
Sydney,19/08/2014,Greens,2
Sydney,19/08/2014,Labor,4
Sydney,19/08/2014,Coalition,11
Adelaide,20/08/2014,Coalition,4
Brisbane,20/08/2014,Coalition,2
Brisbane,20/08/2014,Labor,8
Melbourne,20/08/2014,Labor,6
Melbourne,20/08/2014,Coalition,9
Newcastle,20/08/2014,Coalition,2
Perth,20/08/2014,Coalition,2
Sydney,20/08/2014,Labor,7
Sydney,20/08/2014,Coalition,15
Townsville,20/08/2014,Labor,2
Adelaide,21/08/2014,Coalition,3
Adelaide,21/08/2014,Labor,3
Brisbane,21/08/2014,Greens,2
Brisbane,21/08/2014,Labor,3
Brisbane,21/08/2014,Coalition,5
Coolangatta,21/08/2014,Coalition,2
Hobart,21/08/2014,Labor,2
Melbourne,21/08/2014,Coalition,5
Melbourne,21/08/2014,Labor,6
Perth,21/08/2014,Coalition,4
Sydney,21/08/2014,Coalition,5
Sydney,21/08/2014,Labor,5
Adelaide,22/08/2014,Labor,6
Brisbane,22/08/2014,Coalition,2
Brisbane,22/08/2014,Independent,2
Brisbane,22/08/2014,Labor,5
Melbourne,22/08/2014,Coalition,4
Melbourne,22/08/2014,Labor,8
Perth,22/08/2014,Coalition,2
Sydney,22/08/2014,Labor,3
Sydney,22/08/2014,Coalition,5
Melbourne,23/08/2014,Coalition,2
Sydney,23/08/2014,Coalition,2
Sydney,23/08/2014,Greens,2
Sydney,23/08/2014,Labor,4
Adelaide,24/08/2014,Coalition,2
Brisbane,24/08/2014,Coalition,10
Melbourne,24/08/2014,Labor,4
Melbourne,24/08/2014,Coalition,10
Sydney,24/08/2014,Coalition,8
Melbourne,25/08/2014,Labor,5
Melbourne,25/08/2014,Coalition,9
Sydney,25/08/2014,Coalition,4
Melbourne,26/08/2014,Coalition,2
Sydney,26/08/2014,Coalition,3
Brisbane,27/08/2014,Labor,4
Melbourne,27/08/2014,Labor,2
Melbourne,27/08/2014,Coalition,5
Perth,27/08/2014,Coalition,2
Sydney,27/08/2014,Coalition,3
Adelaide,28/08/2014,Labor,5
Adelaide,28/08/2014,Coalition,6
Brisbane,28/08/2014,Independent,2
Brisbane,28/08/2014,Coalition,3
Brisbane,28/08/2014,Labor,4
Melbourne,28/08/2014,Greens,7
Melbourne,28/08/2014,Coalition,14
Melbourne,28/08/2014,Labor,25
Perth,28/08/2014,Coalition,12
Sydney,28/08/2014,Greens,3
Sydney,28/08/2014,Labor,7
Sydney,28/08/2014,Coalition,16
Adelaide,29/08/2014,Labor,2
Adelaide,29/08/2014,Coalition,6
Brisbane,29/08/2014,Labor,2
Brisbane,29/08/2014,Coalition,7
Coolangatta,29/08/2014,Coalition,2
Hobart,29/08/2014,Labor,3
Melbourne,29/08/2014,Coalition,10
Melbourne,29/08/2014,Labor,14
Perth,29/08/2014,Labor,2
Perth,29/08/2014,Coalition,4
Sydney,29/08/2014,Coalition,5
Sydney,29/08/2014,Labor,5
Whyalla,29/08/2014,Coalition,2
Adelaide,30/08/2014,Labor,2
Brisbane,30/08/2014,Labor,4
Brisbane,30/08/2014,Coalition,10
Melbourne,30/08/2014,Coalition,10
Perth,30/08/2014,Coalition,3
Sydney,30/08/2014,Coalition,3
Sydney,30/08/2014,Labor,8
Brisbane,31/08/2014,Coalition,3
Coolangatta,31/08/2014,Labor,3
Melbourne,31/08/2014,Independent,2
Melbourne,31/08/2014,Labor,5
Melbourne,31/08/2014,Coalition,8
Sydney,31/08/2014,Coalition,4
Tamworth,31/08/2014,Coalition,2
Melbourne,01/09/2014,Labor,2
Melbourne,01/09/2014,Coalition,3
Sydney,01/09/2014,Coalition,3
Melbourne,03/09/2014,Independent,5
Sydney,03/09/2014,Coalition,7
Adelaide,04/09/2014,Coalition,2
Adelaide,04/09/2014,Labor,3
Brisbane,04/09/2014,Independent,3
Brisbane,04/09/2014,Labor,5
Brisbane,04/09/2014,Coalition,12
Darwin,04/09/2014,CLP,2
Devonport,04/09/2014,Independent,5
Melbourne,04/09/2014,Greens,3
Melbourne,04/09/2014,Independent,5
Melbourne,04/09/2014,Coalition,11
Melbourne,04/09/2014,Labor,19
Perth,04/09/2014,Labor,2
Perth,04/09/2014,Coalition,11
Sydney,04/09/2014,CLP,2
Sydney,04/09/2014,Labor,9
Sydney,04/09/2014,Coalition,14
Adelaide,05/09/2014,Greens,2
Adelaide,05/09/2014,Labor,6
Adelaide,05/09/2014,Coalition,9
Brisbane,05/09/2014,Labor,6
Brisbane,05/09/2014,Coalition,13
Coolangatta,05/09/2014,Coalition,2
Devonport,05/09/2014,Coalition,3
Hobart,05/09/2014,Coalition,3
Hobart,05/09/2014,Labor,3
Melbourne,05/09/2014,Greens,2
Melbourne,05/09/2014,Labor,18
Melbourne,05/09/2014,Coalition,21
Perth,05/09/2014,Coalition,7
Perth,05/09/2014,Labor,7
Sydney,05/09/2014,Labor,14
Sydney,05/09/2014,Coalition,17
Brisbane,06/09/2014,Coalition,2
Darwin,06/09/2014,Labor,3
Melbourne,06/09/2014,Labor,3
Perth,06/09/2014,Coalition,2
Sydney,06/09/2014,Coalition,3
Alice Springs,07/09/2014,Coalition,2
Brisbane,07/09/2014,Coalition,2
Darwin,07/09/2014,Coalition,2
Melbourne,07/09/2014,Labor,2
Perth,07/09/2014,Coalition,2
Sydney,07/09/2014,Coalition,2
Townsville,07/09/2014,Coalition,2
Adelaide,08/09/2014,Coalition,2
Albury,08/09/2014,Coalition,2
Brisbane,08/09/2014,Coalition,4
Melbourne,08/09/2014,Coalition,10
Sydney,08/09/2014,Labor,4
Sydney,08/09/2014,Coalition,12
Adelaide,09/09/2014,Coalition,2
Adelaide,09/09/2014,Labor,4
Brisbane,09/09/2014,Coalition,2
Brisbane,09/09/2014,Labor,2
Hobart,09/09/2014,Labor,2
Melbourne,09/09/2014,Labor,9
Melbourne,09/09/2014,Coalition,13
Perth,09/09/2014,Coalition,5
Sydney,09/09/2014,Coalition,16
Adelaide,10/09/2014,Coalition,4
Brisbane,10/09/2014,Labor,5
Brisbane,10/09/2014,Coalition,7
Cairns,10/09/2014,Coalition,2
Melbourne,10/09/2014,Coalition,12
Newcastle,10/09/2014,Labor,2
Perth,10/09/2014,Coalition,3
Sydney,10/09/2014,Labor,8
Sydney,10/09/2014,Coalition,16
Adelaide,11/09/2014,Coalition,4
Adelaide,11/09/2014,Labor,4
Brisbane,11/09/2014,Labor,2
Melbourne,11/09/2014,Greens,3
Melbourne,11/09/2014,Labor,5
Melbourne,11/09/2014,Coalition,9
Perth,11/09/2014,Coalition,3
Sydney,11/09/2014,Coalition,6
Sydney,11/09/2014,Labor,22
Adelaide,12/09/2014,Coalition,4
Brisbane,12/09/2014,Labor,5
Brisbane,12/09/2014,Coalition,7
Hobart,12/09/2014,Coalition,3
Hobart,12/09/2014,Labor,3
Melbourne,12/09/2014,Coalition,10
Melbourne,12/09/2014,Labor,10
Perth,12/09/2014,Coalition,4
Sydney,12/09/2014,Greens,2
Sydney,12/09/2014,Labor,3
Sydney,12/09/2014,Coalition,6
Armidale,13/09/2014,Coalition,2
Ballina Airport,13/09/2014,Labor,2
Perth,13/09/2014,Labor,2
Redland,13/09/2014,Coalition,2
Stradbroke Island,13/09/2014,Coalition,2
Sydney,13/09/2014,Coalition,2
Brisbane,14/09/2014,Coalition,2
Brisbane,14/09/2014,Labor,3
Broome,14/09/2014,Labor,2
Melbourne,14/09/2014,Labor,2
Melbourne,14/09/2014,Coalition,7
Perth,14/09/2014,Coalition,4
Sydney,14/09/2014,Labor,3
Sydney,14/09/2014,Coalition,4
Adelaide,15/09/2014,Coalition,4
Brisbane,15/09/2014,Coalition,4
Darwin,15/09/2014,Coalition,2
Gove,15/09/2014,Coalition,2
Hobart,15/09/2014,Labor,2
Hobart,15/09/2014,Coalition,4
Karratha,15/09/2014,Coalition,3
Melbourne,15/09/2014,Labor,2
Melbourne,15/09/2014,Coalition,6
Moruya,15/09/2014,Labor,2
Perth,15/09/2014,Labor,2
Perth,15/09/2014,Coalition,6
Port Lincoln,15/09/2014,Coalition,2
Sydney,15/09/2014,Greens,2
Sydney,15/09/2014,Coalition,3
Sydney,15/09/2014,Labor,7
Adelaide,16/09/2014,Coalition,2
Adelaide,16/09/2014,Labor,6
Brisbane,16/09/2014,Coalition,3
Cairns,16/09/2014,Coalition,2
Gove,16/09/2014,Coalition,2
Melbourne,16/09/2014,Labor,6
Melbourne,16/09/2014,Coalition,8
Newman,16/09/2014,Labor,3
Perth,16/09/2014,Coalition,2
Port Augusta,16/09/2014,Labor,2
Sydney,16/09/2014,Labor,3
Sydney,16/09/2014,Coalition,6
Adelaide,17/09/2014,Coalition,2
Brisbane,17/09/2014,Coalition,6
Cairns,17/09/2014,Coalition,4
Gove,17/09/2014,Coalition,3
Melbourne,17/09/2014,Labor,5
Melbourne,17/09/2014,Coalition,8
Perth,17/09/2014,Labor,3
Sydney,17/09/2014,Greens,2
Sydney,17/09/2014,Labor,6
Sydney,17/09/2014,Coalition,10
Adelaide,18/09/2014,Greens,2
Adelaide,18/09/2014,Labor,3
Brisbane,18/09/2014,Labor,2
Brisbane,18/09/2014,Coalition,7
Cairns,18/09/2014,Coalition,2
Darwin,18/09/2014,Coalition,2
Geraldton,18/09/2014,Coalition,2
Hobart,18/09/2014,Coalition,2
Hobart,18/09/2014,Labor,3
Launceston,18/09/2014,Coalition,2
Melbourne,18/09/2014,Greens,3
Melbourne,18/09/2014,Labor,6
Melbourne,18/09/2014,Coalition,8
Perth,18/09/2014,Coalition,2
Sydney,18/09/2014,Greens,3
Sydney,18/09/2014,Labor,5
Sydney,18/09/2014,Coalition,11
Tamworth,18/09/2014,Coalition,2
Adelaide,19/09/2014,Coalition,2
Brisbane,19/09/2014,Labor,3
Brisbane,19/09/2014,Coalition,6
Coolangatta,19/09/2014,Coalition,4
Darwin,19/09/2014,Coalition,2
Melbourne,19/09/2014,Coalition,5
Melbourne,19/09/2014,Labor,8
Perth,19/09/2014,Coalition,2
Sydney,19/09/2014,Coalition,4
Sydney,19/09/2014,Labor,4
Darwin,20/09/2014,Labor,2
Melbourne,20/09/2014,Coalition,2
Melbourne,20/09/2014,Greens,2
Melbourne,20/09/2014,Independent,2
Sydney,20/09/2014,Greens,2
Sydney,20/09/2014,Coalition,3
Brisbane,21/09/2014,Labor,2
Brisbane,21/09/2014,Coalition,5
Melbourne,21/09/2014,Labor,9
Melbourne,21/09/2014,Coalition,11
Perth,21/09/2014,Coalition,2
Sydney,21/09/2014,Labor,2
Sydney,21/09/2014,Coalition,8
Melbourne,22/09/2014,Coalition,2
Melbourne,22/09/2014,Labor,2
Sydney,22/09/2014,Coalition,2
Sydney,22/09/2014,Labor,2
Darwin,23/09/2014,Labor,3
Sydney,23/09/2014,Labor,6
Melbourne,24/09/2014,Coalition,2
Melbourne,24/09/2014,Labor,3
Sydney,24/09/2014,Labor,2
Sydney,24/09/2014,Coalition,5
Adelaide,25/09/2014,Labor,2
Adelaide,25/09/2014,Coalition,5
Brisbane,25/09/2014,Labor,4
Brisbane,25/09/2014,Coalition,12
Coolangatta,25/09/2014,Coalition,2
Melbourne,25/09/2014,Labor,9
Melbourne,25/09/2014,Coalition,19
Perth,25/09/2014,Labor,2
Perth,25/09/2014,Coalition,5
Sydney,25/09/2014,Labor,9
Sydney,25/09/2014,Coalition,14
Adelaide,26/09/2014,Greens,2
Adelaide,26/09/2014,Labor,5
Adelaide,26/09/2014,Coalition,6
Brisbane,26/09/2014,Independent,2
Brisbane,26/09/2014,Coalition,7
Brisbane,26/09/2014,Labor,8
Devonport,26/09/2014,Coalition,2
Hobart,26/09/2014,Coalition,3
Melbourne,26/09/2014,Greens,2
Melbourne,26/09/2014,Labor,17
Melbourne,26/09/2014,Coalition,28
Perth,26/09/2014,Greens,2
Perth,26/09/2014,Labor,2
Perth,26/09/2014,Coalition,9
Sydney,26/09/2014,Greens,2
Sydney,26/09/2014,Coalition,5
Sydney,26/09/2014,Labor,12
Brisbane,27/09/2014,Coalition,5
Hobart,27/09/2014,Labor,2
Melbourne,27/09/2014,Labor,2
Melbourne,27/09/2014,Coalition,3
Adelaide,28/09/2014,Coalition,2
Brisbane,28/09/2014,Coalition,7
Melbourne,28/09/2014,Labor,3
Melbourne,28/09/2014,Coalition,7
Sydney,28/09/2014,Labor,2
Sydney,28/09/2014,Coalition,7
Brisbane,29/09/2014,Coalition,4
Coolangatta,29/09/2014,Labor,2
Devonport,29/09/2014,Labor,2
Melbourne,29/09/2014,Independent,4
Melbourne,29/09/2014,Coalition,11
Melbourne,29/09/2014,Labor,13
Sydney,29/09/2014,Labor,8
Sydney,29/09/2014,Coalition,12
Coolangatta,30/09/2014,Coalition,4
Melbourne,30/09/2014,Labor,2
Sydney,30/09/2014,Coalition,6
Brisbane,01/10/2014,Labor,3
Melbourne,01/10/2014,Coalition,4
Perth,01/10/2014,Coalition,6
Port Macquarie,01/10/2014,Coalition,4
Sydney,01/10/2014,Coalition,4
Adelaide,02/10/2014,Labor,3
Adelaide,02/10/2014,Coalition,5
Brisbane,02/10/2014,Independent,2
Brisbane,02/10/2014,Labor,7
Brisbane,02/10/2014,Coalition,20
Coolangatta,02/10/2014,Coalition,6
Darwin,02/10/2014,Labor,2
Hobart,02/10/2014,Coalition,2
Melbourne,02/10/2014,Coalition,13
Melbourne,02/10/2014,Labor,16
Perth,02/10/2014,Labor,3
Perth,02/10/2014,Coalition,9
Sydney,02/10/2014,Greens,2
Sydney,02/10/2014,Coalition,8
Sydney,02/10/2014,Labor,8
Adelaide,03/10/2014,FFP,2
Adelaide,03/10/2014,Greens,2
Adelaide,03/10/2014,Labor,4
Adelaide,03/10/2014,Coalition,6
Brisbane,03/10/2014,Labor,6
Brisbane,03/10/2014,Coalition,17
Bundaberg,03/10/2014,Coalition,5
Cairns,03/10/2014,Coalition,3
Devonport,03/10/2014,Coalition,2
Hobart,03/10/2014,Coalition,2
Hobart,03/10/2014,Labor,2
Kununurra,03/10/2014,Labor,2
Melbourne,03/10/2014,Greens,3
Melbourne,03/10/2014,Labor,20
Melbourne,03/10/2014,Coalition,21
Perth,03/10/2014,Labor,2
Perth,03/10/2014,PUP,3
Perth,03/10/2014,Coalition,9
Sydney,03/10/2014,Coalition,8
Sydney,03/10/2014,Labor,8
Alice Springs,04/10/2014,Labor,2
Brisbane,04/10/2014,Coalition,3
Melbourne,04/10/2014,Coalition,2
Perth,04/10/2014,Coalition,2
Roma,04/10/2014,Coalition,2
Sydney,04/10/2014,Coalition,2
Sydney,04/10/2014,Labor,3
Melbourne,05/10/2014,Coalition,2
Melbourne,05/10/2014,Labor,2
Perth,05/10/2014,Labor,2
Perth,05/10/2014,Coalition,3
Brisbane,06/10/2014,Coalition,6
Geraldton,06/10/2014,Coalition,2
Melbourne,06/10/2014,Coalition,6
Perth,06/10/2014,Coalition,2
Sydney,06/10/2014,Coalition,2
Brisbane,07/10/2014,Coalition,5
Groote Eylandt,07/10/2014,Labor,5
Melbourne,07/10/2014,Greens,2
Melbourne,07/10/2014,Labor,3
Melbourne,07/10/2014,Coalition,9
Perth,07/10/2014,Labor,3
Perth,07/10/2014,Coalition,6
Sydney,07/10/2014,Coalition,6
Sydney,07/10/2014,Labor,6
Adelaide,08/10/2014,Coalition,3
Adelaide,08/10/2014,Labor,3
Brisbane,08/10/2014,Labor,3
Karratha,08/10/2014,Coalition,2
Melbourne,08/10/2014,Coalition,10
Melbourne,08/10/2014,Labor,10
Sydney,08/10/2014,Labor,6
Sydney,08/10/2014,Coalition,11
Adelaide,09/10/2014,Labor,3
Adelaide,09/10/2014,Coalition,5
Brisbane,09/10/2014,Labor,2
Melbourne,09/10/2014,Coalition,3
Melbourne,09/10/2014,Greens,3
Melbourne,09/10/2014,Labor,5
Perth,09/10/2014,Labor,2
Perth,09/10/2014,Coalition,4
Sydney,09/10/2014,Labor,4
Sydney,09/10/2014,Coalition,7
Albury,10/10/2014,Coalition,2
Armidale,10/10/2014,Coalition,2
Brisbane,10/10/2014,Greens,2
Brisbane,10/10/2014,Coalition,3
Darwin,10/10/2014,Labor,4
Launceston,10/10/2014,Coalition,2
Melbourne,10/10/2014,Greens,3
Melbourne,10/10/2014,Labor,6
Melbourne,10/10/2014,Coalition,7
Perth,10/10/2014,Coalition,6
Sydney,10/10/2014,Coalition,4
Sydney,10/10/2014,Labor,9
Brisbane,11/10/2014,Labor,2
Darwin,11/10/2014,Coalition,2
Melbourne,11/10/2014,Coalition,6
Stradbroke Island,11/10/2014,Coalition,2
Sydney,11/10/2014,Coalition,4
Wagga Wagga,11/10/2014,Coalition,2
Melbourne,12/10/2014,Coalition,4
Melbourne,12/10/2014,Labor,4
Sydney,12/10/2014,Labor,4
Sydney,12/10/2014,Coalition,6
Tamworth,12/10/2014,Coalition,2
Adelaide,13/10/2014,Coalition,2
Adelaide,13/10/2014,Labor,4
Brisbane,13/10/2014,Coalition,4
Melbourne,13/10/2014,Greens,2
Melbourne,13/10/2014,Coalition,9
Melbourne,13/10/2014,Labor,10
Perth,13/10/2014,Greens,2
Sydney,13/10/2014,Labor,4
Sydney,13/10/2014,Coalition,11
Adelaide,14/10/2014,Coalition,2
Adelaide,14/10/2014,Labor,3
Brisbane,14/10/2014,Labor,2
Brisbane,14/10/2014,Coalition,3
Melbourne,14/10/2014,Labor,6
Melbourne,14/10/2014,Coalition,10
Perth,14/10/2014,Coalition,3
Sydney,14/10/2014,Coalition,5
Sydney,14/10/2014,Labor,6
Townsville,14/10/2014,Labor,2
Adelaide,15/10/2014,Greens,2
Adelaide,15/10/2014,Coalition,3
Brisbane,15/10/2014,Labor,4
Brisbane,15/10/2014,Coalition,5
Cairns,15/10/2014,Labor,2
Hobart,15/10/2014,Labor,2
Melbourne,15/10/2014,Coalition,9
Melbourne,15/10/2014,Labor,9
Sydney,15/10/2014,Coalition,6
Sydney,15/10/2014,Labor,7
Adelaide,16/10/2014,Greens,2
Brisbane,16/10/2014,Coalition,5
Melbourne,16/10/2014,Greens,2
Melbourne,16/10/2014,Coalition,9
Melbourne,16/10/2014,Labor,10
Perth,16/10/2014,Labor,2
Sydney,16/10/2014,Labor,4
Sydney,16/10/2014,Coalition,11
Adelaide,17/10/2014,Coalition,4
Adelaide,17/10/2014,Labor,4
Brisbane,17/10/2014,Greens,2
Brisbane,17/10/2014,Labor,3
Brisbane,17/10/2014,Coalition,8
Karratha,17/10/2014,Coalition,2
Melbourne,17/10/2014,Coalition,3
Melbourne,17/10/2014,Labor,9
Perth,17/10/2014,Coalition,5
Sydney,17/10/2014,Coalition,3
Sydney,17/10/2014,Labor,6
Tamworth,17/10/2014,Coalition,4
Brisbane,18/10/2014,Coalition,2
Melbourne,18/10/2014,Labor,2
Melbourne,18/10/2014,Coalition,4
Perth,18/10/2014,Coalition,2
Sydney,18/10/2014,Coalition,2
Sydney,18/10/2014,Labor,8
Brisbane,19/10/2014,Coalition,5
Melbourne,19/10/2014,Greens,2
Melbourne,19/10/2014,Labor,5
Melbourne,19/10/2014,Coalition,13
Perth,19/10/2014,Coalition,2
Sydney,19/10/2014,Coalition,3
Sydney,19/10/2014,Labor,4
Adelaide,20/10/2014,Labor,2
Melbourne,20/10/2014,Coalition,2
Melbourne,21/10/2014,Labor,3
Melbourne,22/10/2014,Labor,2
Sydney,22/10/2014,Coalition,4
Adelaide,23/10/2014,Coalition,2
Adelaide,23/10/2014,Labor,3
Brisbane,23/10/2014,Labor,8
Brisbane,23/10/2014,Coalition,15
Coolangatta,23/10/2014,Coalition,2
Hervey Bay,23/10/2014,Coalition,2
Melbourne,23/10/2014,Independent,2
Melbourne,23/10/2014,Greens,5
Melbourne,23/10/2014,Coalition,12
Melbourne,23/10/2014,Labor,17
Perth,23/10/2014,Coalition,10
Sydney,23/10/2014,Coalition,11
Sydney,23/10/2014,Labor,13
Adelaide,24/10/2014,Greens,2
Adelaide,24/10/2014,Labor,5
Adelaide,24/10/2014,Coalition,12
Brisbane,24/10/2014,Labor,2
Brisbane,24/10/2014,Coalition,11
Broome,24/10/2014,Coalition,2
Dubbo,24/10/2014,Coalition,3
Hobart,24/10/2014,Coalition,3
Mackay,24/10/2014,Coalition,2
Melbourne,24/10/2014,Independent,2
Melbourne,24/10/2014,Labor,10
Melbourne,24/10/2014,Coalition,21
Perth,24/10/2014,Labor,6
Perth,24/10/2014,Coalition,8
Sydney,24/10/2014,AUS,2
Sydney,24/10/2014,Labor,10
Sydney,24/10/2014,Coalition,14
Perth,25/10/2014,Coalition,2
Sydney,25/10/2014,Labor,3
Sydney,25/10/2014,Coalition,4
Townsville,25/10/2014,AUS,2
Adelaide,26/10/2014,Coalition,3
Brisbane,26/10/2014,Coalition,5
Melbourne,26/10/2014,Independent,3
Melbourne,26/10/2014,Labor,7
Melbourne,26/10/2014,Coalition,18
Sydney,26/10/2014,Labor,5
Sydney,26/10/2014,Coalition,9
Melbourne,27/10/2014,Labor,2
Melbourne,27/10/2014,Coalition,4
Sydney,27/10/2014,Coalition,3
Sydney,27/10/2014,Labor,7
Melbourne,28/10/2014,Labor,3
Sydney,28/10/2014,Labor,4
Adelaide,29/10/2014,Labor,2
Melbourne,29/10/2014,Coalition,2
Perth,29/10/2014,Coalition,2
Albany,30/10/2014,Coalition,2
Brisbane,30/10/2014,Labor,2
Brisbane,30/10/2014,Coalition,17
Darwin,30/10/2014,CLP,2
Melbourne,30/10/2014,Labor,12
Melbourne,30/10/2014,Coalition,16
Mildura,30/10/2014,Coalition,2
Perth,30/10/2014,Labor,2
Perth,30/10/2014,Coalition,13
Sydney,30/10/2014,Labor,6
Sydney,30/10/2014,Coalition,11
Adelaide,31/10/2014,Greens,2
Adelaide,31/10/2014,Labor,7
Adelaide,31/10/2014,Coalition,9
Albany,31/10/2014,Labor,3
Brisbane,31/10/2014,Independent,2
Brisbane,31/10/2014,Labor,8
Brisbane,31/10/2014,Coalition,12
Devonport,31/10/2014,Coalition,2
Hobart,31/10/2014,Coalition,2
Hobart,31/10/2014,Labor,6
Launceston,31/10/2014,Coalition,2
Mackay,31/10/2014,Coalition,2
Melbourne,31/10/2014,Greens,3
Melbourne,31/10/2014,Coalition,24
Melbourne,31/10/2014,Labor,24
Mount Gambier,31/10/2014,Coalition,2
Perth,31/10/2014,Labor,5
Perth,31/10/2014,Coalition,9
Sydney,31/10/2014,Greens,3
Sydney,31/10/2014,Independent,3
Sydney,31/10/2014,Labor,11
Sydney,31/10/2014,Coalition,12
Brisbane,01/11/2014,Coalition,3
Horn Island,01/11/2014,Coalition,2
Melbourne,01/11/2014,Labor,2
Townsville,01/11/2014,Coalition,2
Cairns,02/11/2014,Coalition,3
Hobart,02/11/2014,Labor,2
Melbourne,02/11/2014,Labor,3
Melbourne,02/11/2014,Coalition,17
Perth,02/11/2014,Coalition,4
Perth,02/11/2014,Labor,5
Sydney,02/11/2014,Coalition,2
Sydney,02/11/2014,Labor,3
Adelaide,03/11/2014,Labor,2
Alice Springs,03/11/2014,Labor,2
Brisbane,03/11/2014,Coalition,3
Melbourne,03/11/2014,Labor,4
Melbourne,03/11/2014,Coalition,9
Perth,03/11/2014,Labor,3
Perth,03/11/2014,Coalition,4
Sydney,03/11/2014,Labor,3
Sydney,03/11/2014,Coalition,9
Adelaide,04/11/2014,Coalition,5
Brisbane,04/11/2014,Coalition,3
Cairns,04/11/2014,Coalition,2
Cairns,04/11/2014,Labor,2
Horn Island,04/11/2014,Labor,3
Karratha,04/11/2014,Coalition,2
Launceston,04/11/2014,Coalition,3
Learmonth,04/11/2014,Coalition,2
Melbourne,04/11/2014,Independent,2
Melbourne,04/11/2014,Coalition,3
Melbourne,04/11/2014,Labor,7
Perth,04/11/2014,Coalition,3
Sydney,04/11/2014,Greens,2
Sydney,04/11/2014,Coalition,7
Sydney,04/11/2014,Labor,19
Adelaide,05/11/2014,Labor,4
Brisbane,05/11/2014,Coalition,4
Brisbane,05/11/2014,Labor,6
Broome,05/11/2014,Coalition,2
Cairns,05/11/2014,Coalition,3
Cairns,05/11/2014,Labor,3
Horn Island,05/11/2014,Coalition,2
Horn Island,05/11/2014,Labor,2
Melbourne,05/11/2014,Coalition,3
Melbourne,05/11/2014,Labor,19
Moree,05/11/2014,Coalition,2
Perth,05/11/2014,Labor,2
Perth,05/11/2014,Coalition,6
Rockhampton,05/11/2014,Labor,2
Sydney,05/11/2014,Coalition,7
Sydney,05/11/2014,Labor,16
Adelaide,06/11/2014,Coalition,2
Brisbane,06/11/2014,Labor,4
Brisbane,06/11/2014,Coalition,8
Darwin,06/11/2014,Labor,2
Melbourne,06/11/2014,Coalition,3
Melbourne,06/11/2014,Labor,4
Perth,06/11/2014,Coalition,3
Sydney,06/11/2014,Labor,4
Sydney,06/11/2014,Coalition,8
Adelaide,07/11/2014,Coalition,2
Brisbane,07/11/2014,Coalition,2
Brisbane,07/11/2014,Labor,3
Melbourne,07/11/2014,Greens,2
Melbourne,07/11/2014,Labor,3
Melbourne,07/11/2014,Coalition,5
Perth,07/11/2014,Coalition,2
Sydney,07/11/2014,Labor,3
Sydney,07/11/2014,Coalition,6
Adelaide,08/11/2014,Coalition,2
Brisbane,08/11/2014,Labor,3
Melbourne,08/11/2014,Coalition,2
Melbourne,08/11/2014,Greens,3
Melbourne,08/11/2014,Labor,3
Sydney,08/11/2014,Coalition,2
Sydney,08/11/2014,Labor,3
Adelaide,09/11/2014,Greens,3
Brisbane,09/11/2014,Labor,4
Brisbane,09/11/2014,Coalition,6
Devonport,09/11/2014,Coalition,2
Hobart,09/11/2014,Greens,2
Melbourne,09/11/2014,Greens,5
Sydney,09/11/2014,Greens,2
Sydney,09/11/2014,Labor,2
Sydney,09/11/2014,Coalition,4
Brisbane,10/11/2014,Coalition,7
Melbourne,10/11/2014,Coalition,2
Melbourne,10/11/2014,Labor,4
Perth,10/11/2014,Greens,2
Perth,10/11/2014,Labor,3
Sydney,10/11/2014,Coalition,7
Sydney,10/11/2014,Labor,12
Adelaide,11/11/2014,Labor,2
Adelaide,11/11/2014,Coalition,3
Launceston,11/11/2014,Coalition,2
Melbourne,11/11/2014,Coalition,7
Melbourne,11/11/2014,Labor,7
Perth,11/11/2014,Labor,2
Perth,11/11/2014,Coalition,3
Sydney,11/11/2014,Labor,4
Sydney,11/11/2014,Coalition,6
Brisbane,12/11/2014,Coalition,4
Brisbane,12/11/2014,Labor,5
Cairns,12/11/2014,Labor,2
Darwin,12/11/2014,Labor,2
Hobart,12/11/2014,Labor,2
Hobart,12/11/2014,Coalition,3
Kalgoorlie,12/11/2014,Coalition,2
Melbourne,12/11/2014,Greens,2
Melbourne,12/11/2014,Labor,9
Melbourne,12/11/2014,Coalition,11
Perth,12/11/2014,Coalition,2
Sydney,12/11/2014,Greens,2
Sydney,12/11/2014,Labor,10
Sydney,12/11/2014,Coalition,13
Brisbane,13/11/2014,Coalition,10
Hobart,13/11/2014,Coalition,2
Melbourne,13/11/2014,Labor,4
Melbourne,13/11/2014,Coalition,9
Perth,13/11/2014,Coalition,2
Sydney,13/11/2014,Greens,2
Sydney,13/11/2014,Labor,7
Sydney,13/11/2014,Coalition,10
Adelaide,14/11/2014,Coalition,5
Adelaide,14/11/2014,Labor,6
Alice Springs,14/11/2014,CLP,2
Brisbane,14/11/2014,Labor,5
Brisbane,14/11/2014,Coalition,14
Coolangatta,14/11/2014,Coalition,2
Hobart,14/11/2014,Coalition,2
Launceston,14/11/2014,Coalition,2
Mackay,14/11/2014,Coalition,2
Melbourne,14/11/2014,Greens,3
Melbourne,14/11/2014,Labor,21
Melbourne,14/11/2014,Coalition,24
Perth,14/11/2014,Labor,3
Perth,14/11/2014,Coalition,5
Sydney,14/11/2014,Greens,2
Sydney,14/11/2014,Labor,15
Sydney,14/11/2014,Coalition,20
Brisbane,15/11/2014,Coalition,4
Brisbane,15/11/2014,Labor,8
Melbourne,15/11/2014,Labor,2
Sydney,15/11/2014,Coalition,3
Brisbane,16/11/2014,Labor,3
Brisbane,16/11/2014,Coalition,4
Melbourne,16/11/2014,Coalition,6
Melbourne,16/11/2014,Labor,7
Sydney,16/11/2014,Labor,5
Sydney,16/11/2014,Coalition,12
Brisbane,17/11/2014,Coalition,4
Melbourne,17/11/2014,Coalition,3
Melbourne,17/11/2014,Labor,8
Sydney,17/11/2014,Coalition,6
Sydney,17/11/2014,Labor,8
Adelaide,18/11/2014,Labor,3
Adelaide,18/11/2014,Coalition,11
Brisbane,18/11/2014,Labor,4
Brisbane,18/11/2014,Coalition,14
Hervey Bay,18/11/2014,Coalition,2
Hobart,18/11/2014,Coalition,3
Melbourne,18/11/2014,Coalition,19
Melbourne,18/11/2014,Labor,22
Moree,18/11/2014,Coalition,2
Perth,18/11/2014,Coalition,7
Sydney,18/11/2014,Independent,2
Sydney,18/11/2014,Labor,10
Sydney,18/11/2014,Coalition,20
Adelaide,19/11/2014,Labor,2
Brisbane,19/11/2014,Labor,3
Brisbane,19/11/2014,Coalition,4
Hobart,19/11/2014,Labor,2
Melbourne,19/11/2014,Greens,2
Melbourne,19/11/2014,Coalition,4
Melbourne,19/11/2014,Labor,4
Perth,19/11/2014,Coalition,2
Sydney,19/11/2014,Labor,6
Sydney,19/11/2014,Coalition,11
Adelaide,20/11/2014,Coalition,3
Adelaide,20/11/2014,Labor,5
Brisbane,20/11/2014,AUS,2
Brisbane,20/11/2014,Independent,2
Brisbane,20/11/2014,Labor,3
Brisbane,20/11/2014,Coalition,4
Hobart,20/11/2014,Coalition,2
Hobart,20/11/2014,Labor,3
Melbourne,20/11/2014,PUP,2
Melbourne,20/11/2014,Coalition,5
Melbourne,20/11/2014,Labor,7
Perth,20/11/2014,Coalition,2
Perth,20/11/2014,PUP,3
Sydney,20/11/2014,Labor,7
Sydney,20/11/2014,Coalition,8
Adelaide,21/11/2014,Labor,2
Adelaide,21/11/2014,Coalition,6
Brisbane,21/11/2014,Labor,3
Brisbane,21/11/2014,Coalition,9
Coffs Harbour,21/11/2014,Coalition,2
Melbourne,21/11/2014,Greens,2
Melbourne,21/11/2014,Labor,5
Melbourne,21/11/2014,Coalition,11
Perth,21/11/2014,Greens,2
Perth,21/11/2014,Coalition,4
Sydney,21/11/2014,Greens,3
Sydney,21/11/2014,Labor,6
Sydney,21/11/2014,Coalition,12
Townsville,21/11/2014,Coalition,11
Brisbane,22/11/2014,Coalition,7
Melbourne,22/11/2014,Coalition,2
Sydney,22/11/2014,Coalition,5
Brisbane,23/11/2014,Coalition,12
Melbourne,23/11/2014,Independent,2
Melbourne,23/11/2014,Labor,7
Melbourne,23/11/2014,Coalition,10
Sydney,23/11/2014,Labor,3
Sydney,23/11/2014,Coalition,12
Brisbane,25/11/2014,Coalition,3
Melbourne,25/11/2014,Labor,2
Sydney,25/11/2014,Coalition,3
Melbourne,26/11/2014,Coalition,2
Melbourne,26/11/2014,Labor,2
Sydney,26/11/2014,Coalition,4
Adelaide,27/11/2014,Labor,4
Adelaide,27/11/2014,Coalition,5
Brisbane,27/11/2014,Independent,2
Brisbane,27/11/2014,Labor,3
Brisbane,27/11/2014,Coalition,15
Coolangatta,27/11/2014,Coalition,2
Melbourne,27/11/2014,Greens,3
Melbourne,27/11/2014,Coalition,10
Melbourne,27/11/2014,Labor,14
Perth,27/11/2014,Labor,2
Perth,27/11/2014,Coalition,9
Sydney,27/11/2014,Coalition,11
Sydney,27/11/2014,Labor,17
Adelaide,28/11/2014,Labor,2
Adelaide,28/11/2014,Coalition,7
Brisbane,28/11/2014,Labor,9
Brisbane,28/11/2014,Coalition,14
Devonport,28/11/2014,Coalition,2
Dubbo,28/11/2014,Coalition,2
Hobart,28/11/2014,Coalition,2
Hobart,28/11/2014,Labor,4
Launceston,28/11/2014,Coalition,2
Melbourne,28/11/2014,Independent,2
Melbourne,28/11/2014,Greens,3
Melbourne,28/11/2014,Labor,14
Melbourne,28/11/2014,Coalition,18
Perth,28/11/2014,Greens,2
Perth,28/11/2014,Coalition,5
Sydney,28/11/2014,Labor,10
Sydney,28/11/2014,Coalition,15
Melbourne,29/11/2014,Coalition,2
Melbourne,29/11/2014,Labor,2
Sydney,29/11/2014,Labor,2
Sydney,29/11/2014,Coalition,4
Brisbane,30/11/2014,Coalition,4
Melbourne,30/11/2014,Greens,2
Melbourne,30/11/2014,Labor,3
Melbourne,30/11/2014,Coalition,12
Sydney,30/11/2014,CLP,2
Sydney,30/11/2014,Labor,5
Sydney,30/11/2014,Coalition,6
Melbourne,01/12/2014,Coalition,2
Melbourne,01/12/2014,Labor,3
Sydney,01/12/2014,Labor,2
Brisbane,02/12/2014,Coalition,2
Melbourne,02/12/2014,Labor,2
Melbourne,02/12/2014,Coalition,3
Sydney,02/12/2014,Coalition,2
Melbourne,03/12/2014,Coalition,3
Melbourne,03/12/2014,Labor,3
Adelaide,04/12/2014,Labor,2
Brisbane,04/12/2014,Coalition,2
Brisbane,04/12/2014,Labor,6
Melbourne,04/12/2014,Coalition,2
Melbourne,04/12/2014,Labor,6
Perth,04/12/2014,Coalition,5
Sydney,04/12/2014,Coalition,3
Sydney,04/12/2014,Labor,3
Adelaide,05/12/2014,Greens,2
Adelaide,05/12/2014,Labor,6
Adelaide,05/12/2014,Coalition,10
Armidale,05/12/2014,Coalition,2
Brisbane,05/12/2014,Greens,3
Brisbane,05/12/2014,Independent,3
Brisbane,05/12/2014,Labor,9
Brisbane,05/12/2014,Coalition,27
Darwin,05/12/2014,CLP,2
Devonport,05/12/2014,Coalition,2
Hobart,05/12/2014,Coalition,2
Hobart,05/12/2014,Labor,4
Launceston,05/12/2014,Coalition,2
Melbourne,05/12/2014,Greens,2
Melbourne,05/12/2014,Labor,18
Melbourne,05/12/2014,Coalition,28
Perth,05/12/2014,Greens,2
Perth,05/12/2014,Labor,3
Perth,05/12/2014,Coalition,18
Rockhampton,05/12/2014,Coalition,2
Roma,05/12/2014,Coalition,2
Sydney,05/12/2014,Greens,3
Sydney,05/12/2014,Labor,10
Sydney,05/12/2014,Coalition,27
Townsville,05/12/2014,Coalition,2
Wellcamp,05/12/2014,Coalition,2
Hobart,06/12/2014,Coalition,2
Melbourne,06/12/2014,Coalition,3
Sydney,06/12/2014,Coalition,3
Tamworth,06/12/2014,Coalition,4
Sydney,07/12/2014,Coalition,2
Sydney,07/12/2014,Greens,2
Alice Springs,08/12/2014,Labor,3
Brisbane,08/12/2014,Coalition,2
Darwin,08/12/2014,Labor,4
Melbourne,08/12/2014,Labor,2
Melbourne,08/12/2014,Coalition,6
Sydney,08/12/2014,Coalition,3
Sydney,08/12/2014,Labor,4
Adelaide,09/12/2014,Labor,2
Brisbane,09/12/2014,Coalition,4
Brisbane,09/12/2014,Labor,4
Melbourne,09/12/2014,Coalition,2
Melbourne,09/12/2014,Labor,3
Sydney,09/12/2014,Labor,3
Sydney,09/12/2014,Coalition,5
Adelaide,10/12/2014,Labor,2
Adelaide,10/12/2014,Coalition,7
Brisbane,10/12/2014,Coalition,4
Cairns,10/12/2014,Coalition,2
Melbourne,10/12/2014,Labor,2
Melbourne,10/12/2014,Coalition,4
Sydney,10/12/2014,Labor,4
Sydney,10/12/2014,Coalition,10
Brisbane,11/12/2014,Coalition,4
Melbourne,11/12/2014,Labor,3
Melbourne,11/12/2014,Coalition,8
Perth,11/12/2014,Coalition,3
Sydney,11/12/2014,Labor,4
Adelaide,12/12/2014,Labor,2
Adelaide,12/12/2014,Coalition,3
Melbourne,12/12/2014,Labor,6
Sydney,12/12/2014,Coalition,3
Perth,13/12/2014,Coalition,2
Townsville,13/12/2014,AUS,2
Melbourne,14/12/2014,Coalition,2
Roma,14/12/2014,Coalition,2
Sydney,15/12/2014,Labor,2
Sydney,15/12/2014,Coalition,3
Brisbane,16/12/2014,Coalition,2
Melbourne,16/12/2014,Coalition,2
Melbourne,16/12/2014,Labor,3
Perth,16/12/2014,Coalition,2
Sydney,16/12/2014,Labor,2
Sydney,16/12/2014,Coalition,3
Adelaide,17/12/2014,Coalition,2
Adelaide,17/12/2014,Labor,2
Melbourne,17/12/2014,Labor,2
Sydney,17/12/2014,Coalition,4
Sydney,18/12/2014,Labor,3
Brisbane,19/12/2014,Labor,2
Melbourne,19/12/2014,Coalition,3
Sydney,20/12/2014,Coalition,2